ASIN,SKU,review_count,mean_score
B09KXVBD7Z,SET389-KR-NP-S,,
B09K3WFS32,JNE3781-KR-XXXL,,
B07WV4JV4D,JNE3371-KR-XL,,
B099NRCT7B,J0341-DR-L,,
B098714BZP,JNE3671-TU-XXXL,,
B08YN7XDSG,SET264-KR-NP-XL,,
B08CMHNWBN,J0095-SET-L,,
B081WX4G4Q,JNE3405-KR-S,,
B08L91ZZXN,SET200-KR-NP-A-XXXL,,
B08B3XF5MH,JNE3461-KR-XXL,,
B07K3YQLF1,JNE3160-KR-G-S,,
B098117DJ3,JNE3500-KR-XS,,
B081XCMYXJ,JNE3405-KR-XS,,
B085HS947T,SET182-KR-DH-XS,,
B09CSSQY4F,J0351-SET-L,,
B09PY99SVJ,PJNE3368-KR-6XL,,
B099FCT65D,JNE3721-KR-XXL,,
B081WT6GG7,JNE3405-KR-XL,,
B098133PV5,JNE3697-KR-XXL,,
B0983DDPL6,SET254-KR-NP-XS,,
B09HMXJVFS,JNE3795-KR-XXXL,,
B09KXV4BN8,SET345-KR-NP-M,,
B082W7GVH7,JNE3373-KR-L,,
B099NK55YG,SET291-KR-PP-M,,
B08YYYDN9R,MEN5002-KR-L,,
B09G2RQSRZ,NW030-TP-PJ-XS,,
B082W8JXJ9,JNE3415-KR-XXXL,,
B09LD2W9XL,PJNE2199-KR-N-4XL,,
B08KRXV1QR,JNE3567-KR-M,,
B07JG3CND8,JNE2132-KR-398-XXXL,,
B099NR7612,J0341-DR-S,,
B08YYTCPYX,MEN5009-KR-XL,,
B08B3YNJG5,J0011-LCD-M,,
B09K3XR43V,JNE3766-KR-M,,
B082W8BXW1,JNE3373-KR-XL,,
B08YYRH2Q6,MEN5001-KR-XL,,
B09KXT4VG7,SET345-KR-NP-L,,
B09RKBXM5B,JNE3787-KR-S,,
B08HHJP41L,JNE3543-KR-S,,
B081WSCKPQ,JNE3405-KR-L,,
B09831VWD9,J0211-DR-XXL,,
B09SDXZBGX,J0401-DR-XXXL,,
B0794YR85H,JNE2153-KR-278-A-M,,
B09QJM1D7F,SET360-KR-NP-M,,
B08XQ8MCKP,SET268-KR-NP-L,,
B08B3Z38TJ,SET183-KR-DH-S,,
B08XNDL1DL,J0230-SKD-L,,
B0986ZHR9D,JNE3744-TU-S,,
B08WPTJBBD,JNE3510-KR-S,,
B081WVMMCY,JNE3405-KR-M,,
B091Z81MLX,J0186-SET-S,,
B0894XH3LN,J0003-SET-M,,
B09CTCDDQ4,SET282-KR-PP-M,,
B01M4IAS51,JNE1407-BLACK-KR-UDF18-XL,,
B099S6795L,J0301-TP-L,,
B09RK67Y51,JNE3869-DR-S,,
B09NQ4DD29,SET324-KR-NP-XS,,
B09CT6L67S,SET279-LC-S,,
B077MF72BK,JNE2014-KR-178-XXL,,
B0922WJ27J,NW005-ST-PJ-XL,,
B07H7FZD32,JNE2270-KR-487-A-M,,
B08QGK2BS2,JNE3579-KR-M,,
B09RKFBMYD,SET347-KR-NP-XS,,
B08YN44FZJ,SET264-KR-NP-M,,
B082W8RWN1,JNE3373-KR-XXL,,
B09RKDZ461,SET333-KR-DPT-XXL,,
B08ZHNGS54,JNE3645-TP-N-L,,
B08MXF6MZF,SET233-KR-PP-L,,
B09M6VGNX8,J0381-SKD-XXXL,,
B07H7F97S4,JNE3068-KR-A-XL,,
B099FB63Q6,JNE3718-KR-M,,
B09K3YFPSS,SET386-KR-NP-S,,
B09K3WDYB6,JNE3745-KR-XXL,,
B08CDQKS84,JNE3467-KR-XL,,
B099FBM4FZ,JNE3721-KR-L,,
B081WSL2JS,JNE3405-KR-XXL,,
B09PN3GVMZ,SET295-KR-NP-XXXL,,
B09SDZ14KR,JNE3861-DR-XL,,
B09M6STTBC,SET288-KR-NP-XXXL,,
B09TH6R8K4,SET394-KR-NP-XXXL,,
B09RKDPH6J,SET397-KR-NP-XXXL,,
B08YZ1HZ7B,MEN5002-KR-XXL,,
B09TZV23QS,SET377-KR-NP-M,,
B08WPR5MCB,JNE3510-KR-M,,
B08KR9JYNQ,BTM038-PP-XXXL,,
B0982ZJ666,J0343-DR-M,,
B099NQJZPQ,J0341-DR-XL,,
B099NSGTJ9,J0295-DR-XXL,,
B08PCVMF6R,JNE3560-KR-M,,
B0983121HP,J0333-DR-XXXL,,
B09KXTTVB5,SET389-KR-NP-M,,
B09SDYSR1F,JNE3801-KR-XXXL,,
B07X3K4L82,SET098-KR-PP-M,,
B08YYR9G96,MEN5013-KR-L,,
B0894Y4PNG,J0003-SET-L,,
B099NJ1WVX,JNE3718-KR-XXXL,,
B09RKDJ9SQ,SET347-KR-NP-S,,
B081WYHTF2,JNE3391-KR-XXL,,
B0983FZLXC,SET277-KR-NP-XXL,,
B099NQ1SKZ,J0293-DR-S,,
B082PXMCZ4,SET154-KR-NP-XL,,
B081X4KQ14,JNE3439-KR-XL,,
B099NJV9X7,SET291-KR-PP-XL,,
B09K3LJWBB,SET293-KR-NP-M,,
B08ZH9GDTY,JNE3648-TP-N-M,,
B07S8WG31H,JNE3334-KR-M,,
B09NQ54RRT,SET331-KR-NP-XS,,
B0983D6TGS,SET265-KR-NP-S,,
B099FC7FSQ,JNE3718-KR-S,,
B09RKD6KWL,SET397-KR-NP  -M,,
B09SDY9GXB,JNE3861-DR-XXL,,
B09831P2JC,J0335-DR-XL,,
B0982ZS9FG,J0335-DR-XXL,,
B0743FRDLK,JNE1525-KR-UDF19-A-S,,
B09873BFC1,JNE3654-TP-XL,,
B07R41PW8D,JNE3261-KR-S,,
B09NQ4CZ65,SET324-KR-NP-S,,
B09NQ33VW2,SET332-KR-PP-S,,
B09NQ51MPV,SET324-KR-NP-XXXL,,
B09CT26LGZ,SET280-KR-PP-S,,
B091Q9J9QL,JNE3618-KR-XXL,,
B09K3LRR2T,SET304-KR-DPT-XS,,
B08YZ2ZXT7,MEN5032-KR-XXXL,,
B0822V61TT,SET110-KR-PP-XXL,,
B09NQ4NM75,SET324-KR-NP-M,,
B0983FSRFS,SET269-KR-NP-XXXL,,
B09HMVWDN3,JNE3794-KR-M,,
B07R41RZV7,JNE3291-KR-XXL,,
B09HMTKV2L,JNE3440-KR-N-XXXL,,
B07H7DZXJ5,JNE2270-KR-487-A-XXL,,
B07R5X3499,JNE3261-KR-M,,
B0822TDMYH,SET110-KR-PP-M,,
B099S7RDLZ,J0300-TP-XXXL,,
B09RKBYVXN,JNE3810-KR-S,,
B08B3YPXKZ,JNE3461-KR-XL,,
B0893DJ4TN,JNE3429-KR-XL,,
B091SV9XW1,JNE3710-DR-S,,
B08TZNX8NY,J0113-TP-XS,,
B09RKDPHFP,SET355-KR-PP-M,,
B0894X8979,J0009-SKD-S,,
B09RKFS78Y,J0248-KR-DPT-XL,,
B08PCSJ2M6,JNE3560-KR-XL,,
B082W7MZVQ,JNE3373-KR-XXXL,,
B09RP8WLNY,SET398-KR-PP-L,,
B0922SFWK1,NW032-ST-CP-XXL,,
B09QJ4J6KJ,SET361-KR-NP-S,,
B09SDXFFQ1,JNE3797-KR-L,,
B09TZVXQ1J,JNE3887-KR-XL,,
B09RK61TZX,JNE3870-DR-XXL,,
B09KXSVTDB,SET345-KR-NP-XS,,
B0928XJX1F,NW013-ST-SR-L,,
B077MM3LFJ,JNE2014-KR-178-XL,,
B091Q7G4PC,JNE3612-KR-S,,
B09LD3PMBT,PJNE2100-KR-N-6XL,,
B09RPJD74Z,SET398-KR-PP-XXXL,,
B0894WV6S6,J0006-SET-M,,
B085HGB1GT,JNE3437-KR-S,,
B08BF4GQ9V,JNE3465-KR-S,,
B09KXQ3NHZ,J0373-KR-XXXL,,
B098731927,J0344-TP-XXXL,,
B08N4QTQHW,J0118-TP-XXL,,
B08L92SN2W,SET200-KR-NP-A-XS,,
B078NTPQHT,JNE1998-KR-311-XXL,,
B08YZ2W99X,MEN5004-KR-XXXL,,
B09KXSQ73F,SET345-KR-NP-XXL,,
B09B3GS5CM,JNE3654-TP-L,,
B0986XYFFP,J0344-TP-L,,
B0986XXHX7,J0334-TP-L,,
B08XNJ19QH,J0230-SKD-S,,
B071VG5FH4,JNE1233-BLUE-KR-031-XXL,,
B099NP42BF,J0295-DR-M,,
B09NQ44RNV,SET324-KR-NP-L,,
B091Z8TV5Q,J0147-SET-XL,,
B099NS9KRN,J0308-DR-L,,
B09G2T795K,NW030-TP-PJ-L,,
B09QJLG4DF,SET360-KR-NP-XL,,
B09LD3TCYP,PJNE3373-KR-N-6XL,,
B08BF9DZ3F,JNE3449-KR-XXL,,
B09M72VK88,JNE3786-KR-S,,
B0894XKVH3,J0003-SET-XXL,,
B08PV1NB1B,J0314-KR-M,,
B099NQQ79L,J0341-DR-M,,
B09M75YGQF,PJNE3068-KR-4XL,,
B0986XSXR1,J0340-TP-M,,
B0986XRZ8X,JNE3687-TU-M,,
B09QJ4PXZ3,J0376-SKD-L,,
B0986XYHCY,J0198-TP-S,,
B085HMWJ4R,JNE3453-KR-S,,
B09RPRS8JL,SET398-KR-PP-M,,
B099NPX9K3,NW033-ST-CP-XXXL,,
B099NQT8H8,NW037-TP-SR-XXXL,,
B091Q9Q34N,JNE3618-KR-M,,
B09B5922WD,SET290-KR-DPT-M,,
B08KRYXSYH,JNE3568-KR-XXL,,
B0894Y3VBB,J0003-SET-XXXL,,
B0794T8ZLN,JNE2153-KR-278-A-S,,
B08ZJ2CB3B,JNE3645-TP-N-XS,,
B0986ZVL6Y,JNE3662-TP-XS,,
B081X7JHBC,JNE3440-KR-N-L,,
B09NQ47F17,SET331-KR-NP-S,,
B099S9DTR2,J0301-TP-M,,
B08YZ19332,MEN5004-KR-XL,,
B098119Y7R,J0352-KR-S,,
B07K44CD3P,JNE3160-KR-G-XXL,,
B09SDXTRS9,JNE3798-KR-M,,
B094FKN153,JNE3690-TU-XL,,
B09RKD8HQJ,SET355-KR-PP-XXL,,
B09RKD5B2W,SET317-KR-PP-XXL,,
B09RKFLLF1,SET375-KR-NP-XL,,
B07WP5HRMB,JNE3371-KR-M,,
B082Z3MRPB,SET116-KR-NP-XL,,
B089B1J57W,SET147-KR-NP-XL,,
B09RKDB8SB,SET397-KR-NP-XL,,
B09KXTBZ3N,SET300-KR-NP-L,,
B084KYYXR3,JNE3384-KR-M,,
B07R4XJNW3,JNE3291-KR-XL,,
B099NJKJ54,SET291-KR-PP-L,,
B082W8354V,JNE3399-KR-L,,
B09HMY3YLT,JNE3440-KR-N-XS,,
B09TH61GMF,SET363-KR-NP-XXL,,
B09HNSNWRH,J0348-SET-S,,
B09SDYL6L2,J0399-DR-M,,
B09SDY8DCT,JNE3797-KR-M,,
B081WY1SP3,JNE3440-KR-N-M,,
B09K3W2LHF,JNE3802-KR-M,,
B08QGNW2H8,J0285-SKD-M,,
B09RKHL9H2,SET322-KR-SHA-XL,,
B08YYVLZVH,MEN5021-KR-XL,,
B09LD3ZZ2N,PJ0096-KR-N-5XL,,
B08B3VSTFG,JNE3461-KR-M,,
B09K3PDMBM,SET383-KR-NP-L,,
B0894YJC25,J0002-SKD-XXXL,,
B09QJ3WT3H,SET344-KR-NP-XXXL,,
B08BFT4ZKX,JNE3465-KR-XXL,,
B09NQ3MPRM,SET324-KR-NP-XXL,,
B08W98B8ZN,SET184-KR-PP-XXXL,,
B0894XGJ83,J0008-SKD-S,,
B0894WT71H,J0008-SKD-XXL,,
B08CMRGFFJ,J0013-SKD-XXL,,
B0967PHLMJ,J0208-DR-S,,
B09QJ57BL6,SET344-KR-NP-XL,,
B0922V99HN,NW001-TP-PJ-XXL,,
B09K3JVNR1,SET304-KR-DPT-S,,
B0983DQLBQ,SET265-KR-NP-XL,,
B07K5BDG1D,SET004-KR-SP-A-S,,
B0894XYMWS,J0012-SKD-M,,
B08BFV1DVW,JNE3465-KR-M,,
B09NDKGZ6V,SET374-KR-NP-XS,,
B08KRTXC2Y,JNE3567-KR-XL,,
B089G2L483,J0041-SET-M,,
B08XVPKBKG,JNE3611-KR-XL,,
B09K3DFHT2,SET384-KR-NP-XS,,
B08XVYN7G6,JNE3635-KR-L,,
B08N43MK22,J0118-TP-XXXL,,
B0986ZFY2S,JNE3654-TP-XS,,
B08ZHXGSW3,JNE3652-TP-N-XL,,
B098315N2Z,J0339-DR-L,,
B09K3F7D9H,SET303-KR-NP-XL,,
B083ZZ8869,JNE3396-KR-XXXL,,
B07RSWN1C4,JNE3256-KR-XXXL,,
B0987184SL,J0340-TP-XS,,
B09831NCG7,J0335-DR-S,,
B0894YB3B1,J0008-SKD-L,,
B08XQBXFPP,SET268-KR-NP-XS,,
B08QGM7FCC,J0280-SKD-S,,
B09831YHGV,J0339-DR-M,,
B09B2FNCBT,JNE3564-KR-XXXL,,
B085HRLT87,SET182-KR-DH-L,,
B07WZFT117,SET128-KR-DH-M,,
B08KRYCC8J,JNE3567-KR-XXL,,
B08KS2BPL8,JNE3568-KR-L,,
B09VC3ST6H,JNE3881-DR-XXXL,,
B08ZH7RVGJ,JNE3639-TP-N-XXL,,
B099NJQ8JQ,SET291-KR-PP-XXL,,
B08XWBRM8L,JNE3613-KR-XXL,,
B0828PD16L,JNE3368-KR-XXXL,,
B08W9K3MXR,JNE3522-KR-XXL,,
B099FBTWW1,JNE3741-KR-XXL,,
B09K3G4TS6,SET293-KR-NP-S,,
B09QJLFDRK,SET388-KR-NP-L,,
B0894WWGK9,J0008-SKD-XS,,
B08B3YPD63,SET197-KR-NP-L,,
B08YZ1SZDH,MEN5029-KR-M,,
B099NS55L1,J0341-DR-XS,,
B08BJSDK5J,J0010-LCD-L,,
B09SDXQ3X9,JNE3800-KR-M,,
B08B3Z2YY3,SET183-KR-DH-M,,
B099NR3NXY,J0341-DR-XXL,,
B099NSQP4Z,J0341-DR-XXXL,,
B09PD63F81,J0331-KR-XXXL,,
B09K3Z6TT3,JNE3752-KR-XXXL,,
B09QJM97Z8,SET369-KR-NP-XXL,,
B082W872VQ,JNE3373-KR-XS,,
B09K3ZKHMW,JNE3805-KR-L,,
B08JGXZHY9,JNE3537-KR-M,,
B0894YFQ5R,J0003-SET-XL,,
B09YNY91G5,SET436-KR-NP-XXXL,,
B08YNK9K8F,SET264-KR-NP-XXL,,
B08KRXDR4Y,JNE3567-KR-XS,,
B09KXRLH3S,J0329-KR-XXXL,,
B08KS2BCHS,JNE3568-KR-XL,,
B09NPXCZZG,SET341-KR-NP-L,,
B08HHJQ3F4,JNE3543-KR-M,,
B07WS14TZY,JNE3365-KR-1052-A-S,,
B099FB2C9L,JNE3759-KR-XL,,
B08YYRNM5M,MEN5001-KR-L,,
B092CZW41L,J0098-TP-XS,,
B08MYTQ4F9,SET226-KR-PP-L,,
B09QJ3F6T9,SET380-KR-NP-XXXL,,
B08YYX8VKT,MEN5009-KR-M,,
B08YZ1Z5XS,MEN5011-KR-M,,
B08YYXJJ4V,MEN5032-KR-S,,
B09RKFC8CP,SET359-KR-NP-XXL,,
B08QGMQRLF,J0199-SET-XXXL,,
B09SDXN14H,J0401-DR-L,,
B0894WW15B,J0003-SET-XS,,
B099NS3FWG,J0308-DR-XL,,
B09LD24932,PJNE3252-KR-N-6XL,,
B09K3WC7DN,JNE3752-KR-M,,
B089B2WLM2,SET217-KR-PP-XXXL,,
B09SDYHWLX,JNE3799-KR-XL,,
B07R5W78SS,JNE3294-KR-S,,
B09QJ49VXB,SET356-KR-NP-XXXL,,
B07G2CSMX9,JNE2014-KR-178-XXXL,,
B09SDXYWYN,J0401-DR-XS,,
B09QJM9NDP,SET365-KR-NP-L,,
B081WZ4T3V,JNE3405-KR-XXXL,,
B08XNGQCGM,J0230-SKD-XXL,,
B08BFVXK6N,JNE3465-KR-XXXL,,
B0983DBK44,SET265-KR-NP-M,,
B07R4ZNMX6,JNE3288-KR-M,,
B09KXTXLMZ,SET316-KR-DPT-M,,
B08XQ98B2Q,SET268-KR-NP-S,,
B09SDYNZQ5,JNE3800-KR-XXL,,
B07H7FBV3Z,JNE2270-KR-487-A-L,,
B08YYTTNY5,MEN5024-KR-M,,
B08YZ22Q6R,MEN5023-KR-XL,,
B09SDY9SQ6,JNE3797-KR-XS,,
B09812MNZC,JNE3515-KR-XL,,
B09RKDP7D5,J0225-SKD-XXL,,
B08B3YWTLK,JNE3461-KR-L,,
B091Q9S5ZK,JNE3618-KR-XS,,
B09LD3PCNY,PJNE3405-KR-N-5XL,,
B09812MBCD,JNE3500-KR-S,,
B081WSWWL7,JNE3368-KR-XXL,,
B07H7F6SKC,JNE2270-KR-487-A-XL,,
B08KRYGJD1,JNE3568-KR-S,,
B089G356KM,J0096-KR-S,,
B09KXV4TTM,SET319-KR-NP-S,,
B09TY1CM1M,J0415-DR-L,,
B099NMS4LL,JNE3718-KR-XXL,,
B07JPDGGHY,SET014-KR-PP-XXL,,
B09RKFHRZF,SET408-KR-NP-XXL,,
B09M6S1SRL,J0254-SKD-XS,,
B09NDD3F72,SAR114,,
B08BJQVTHS,J0010-LCD-XS,,
B08B4TP9NR,SET186-KR-DH-K-M,,
B09LTZ2CHY,JNE3819-KR-L,,
B09831T4CQ,J0335-DR-L,,
B09KXTKBG4,SET334-KR-NP-XXL,,
B08W9G1YSB,JNE3470-KR-XS,,
B091Q8BKLW,JNE3619-KR-XS,,
B08QGKHDN3,J0283-SET-XL,,
B081WPK66G,JNE3440-KR-N-XL,,
B09RKBXH45,JNE3787-KR-XXL,,
B09CTF82YW,SET282-KR-PP-XXL,,
B0986VTQL7,JNE3691-TU-L,,
B09K3XLB6S,JNE3727-KR-XXL,,
B097ZZLC2X,JNE3634-KR-XL,,
B09432M4NC,JNE3675-TU-L,,
B07BL222Q1,JNE2199-KR-411-A-XXL,,
B08W8KNCDH,SET184-KR-PP-XXL,,
B08RP69C9N,JNE3468-KR-L,,
B0965KR7YJ,J0213-TP-L,,
B0929B9QB7,BL110-XL,,
B0894X711G,J0008-SKD-XL,,
B09M6TQTGV,SET288-KR-NP-XXL,,
B0822TBFW3,SET110-KR-PP-L,,
B08YYT14HH,MEN5031-KR-XXXL,,
B08TRHNH61,JNE3421-KR-N-M,,
B09KXVHNS4,SET351-KR-NP-L,,
B09KXY99M3,SET337-KR-NP-L,,
B08YYSWWGK,MEN5021-KR-XXL,,
B09832FGG4,J0338-DR-L,,
B07WP5G7MK,JNE3364-KR-1051-A-L,,
B0794V95XT,JNE2153-KR-278-A-XL,,
B08RNX8Q22,JNE3487-KR-XXL,,
B09TZSJVFX,JNE3865-TP-XXXL,,
B099NFZJVC,SET291-KR-PP-XXXL,,
B099FD13MH,JNE3704-KR-L,,
B09QJ4HMHN,J0378-SKD-XXL,,
B099FDMD6T,JNE3721-KR-XL,,
B099NTSTM2,J0308-DR-XXL,,
B09RP8WY5J,SET398-KR-PP-XXL,,
B0982ZDZ8K,J0157-DR-S,,
B09SDZ78G7,JNE3799-KR-S,,
B07HWXNLNB,JNE2265-KR-501-S,,
B082W6ZQSV,JNE3401-KR-M,,
B09NQ39KJ6,SET332-KR-PP-L,,
B09KXWW582,SET345-KR-NP-XL,,
B0743FF612,JNE1525-KR-UDF19-A-XL,,
B09KXR4JZB,J0373-KR-M,,
B08CBC2J5H,JNE3449-KR-XXXL,,
B0894YJNT9,J0006-SET-L,,
B09HMVYKV8,SET228-KR-PP-A-XXXL,,
B08YZ1GSGW,MEN5023-KR-S,,
B09QJNMFVK,SET388-KR-NP-S,,
B09RKFZ1KH,SET333-KR-DPT-XL,,
B0822V3NH7,SET172-KR-PP-B-M,,
B08XQBF1G4,SET268-KR-NP-XL,,
B09KXVPJ7M,SET319-KR-NP-XL,,
B09RKFQBBZ,SET378-KR-NP-XS,,
B09QJ4TZR6,SET344-KR-NP-S,,
B08YZ4WLT3,MEN5002-KR-M,,
B08YYTB4R3,MEN5006-KR-XXL,,
B09TH6N96L,SET363-KR-NP-XL,,
B09HMHM56Y,JNE3794-KR-XXXL,,
B07WPVB9GJ,SET131-KR-NP-A-XXL,,
B08MYT94FH,SET203-KR-DPT-S,,
B07X3N4X66,SET098-KR-PP-XL,,
B09811QMHB,JNE3614-KR-M,,
B0965LLRJW,J0201-TP-L,,
B08L93NLLX,SET201-KR-NP-A-XXL,,
B09G2R8XLM,NW030-TP-PJ-XXL,,
B094FR18C5,SET273-KR-NP-XXXL,,
B094FKG8H7,JNE3690-TU-L,,
B09KXTGM1Y,J0247-SKD-S,,
B09RKF5R8S,SET347-KR-NP-XXXL,,
B09YYLFCP2,J0386-KR-XXXL,,
B099S9MMY4,J0342-TP-L,,
B09TH68L97,SET363-KR-NP-L,,
B099S91TCS,J0342-TP-M,,
B0986XCKXN,J0198-TP-XXXL,,
B09812JNRT,JNE3500-KR-XXL,,
B08WPZ1N4Z,JNE3510-KR-XL,,
B08B3GTC12,J0005-DR-XXL,,
B09QJNWJJW,SET360-KR-NP-XXL,,
B0822T2BM8,SET110-KR-PP-S,,
B09TXYX9Y8,J0416-DR-S,,
B09RKDLD1W,SET310-KR-NP-XXL,,
B08KRNQ6VJ,SET188-KR-NP-XS,,
B089FZXRFW,J0096-KR-XS,,
B09NDKZQWW,SET323-KR-NP-XXL,,
B09LD59CMC,PJNE2100-KR-N-5XL,,
B09M768PCX,PJNE3068-KR-5XL,,
B094FK6BKH,J0196-TP-XXL,,
B08B415N6S,SET187-KR-DH-XL,,
B09KXW4WQC,SET389-KR-NP-XL,,
B09J19LG67,SAR040,,
B09K3T3BV4,J0372-SKD-L,,
B09QJ3BDVW,J0376-SKD-S,,
B08XW581QN,JNE3518-KR-M,,
B08CMV6SCJ,J0095-SET-XXXL,,
B0922T745K,NW004-TP-PJ-XXXL,,
B08QGPXDMY,J0167-KR-S,,
B09NDHQMKC,SET374-KR-NP-XXXL,,
B09NQ3TN2T,SET331-KR-NP-M,,
B09QJ484TV,SET356-KR-NP-L,,
B09K3QVXBS,SET293-KR-NP-XXL,,
B09RKDDLL2,SET375-KR-NP-XXL,,
B07R5X9V7R,JNE3273-KR-XXL,,
B09NQ4XYV9,SET331-KR-NP-L,,
B08XW66LTH,JNE3518-KR-XL,,
B08B3YSLXV,JNE3476-KR-XL,,
B099NMKP4M,JNE3738-KR-XXXL,,
B08BFCPV5R,JNE3465-KR-XS,,
B08RP3HQH3,JNE3463-KR-XXXL,,
B08YZ138QZ,MEN5032-KR-XXL,,
B09QJ3T2Z4,SET380-KR-NP-L,,
B08XNJG8B1,J0230-SKD-M,,
B08XVRKF6V,JNE3611-KR-XXXL,,
B09K3Y42F5,JNE3784-KR-M,,
B0822T4BP8,SET114-KR-PP-XS,,
B09YYNG98D,J0385-KR-M,,
B09RKDW3QG,SET347-KR-NP-L,,
B085HJXJ3M,JNE3437-KR-XXL,,
B07HWXSD8R,JNE3065-KR-XXL,,
B09831TPR5,J0343-DR-XXL,,
B08RYPWC3J,J0119-TP-XL,,
B0986ZC1YG,J0334-TP-XL,,
B08ZYQ716N,J0236-SKD-XXL,,
B08V1CRLTV,J0126-SKD-XXXL,,
B08XNJ8P3S,J0230-SKD-XL,,
B0822S4MPB,SET171-KR-NP-M,,
B07WP5HGBG,JNE3365-KR-1052-A-XXXL,,
B0894X9LNS,J0012-SKD-XXL,,
B099NV5WD8,J0308-DR-M,,
B08N4XHHCQ,J0117-TP-XXL,,
B0983BR8XF,SET265-KR-NP-XS,,
B09TH7MDHM,SET433-KR-NP-XL,,
B09K3T675B,JNE3769-KR-L,,
B08RP4JJPD,JNE3468-KR-XXXL,,
B08V19DZ36,J0154-DR-XXL,,
B08V1CFND9,J0154-DR-XS,,
B08XQ8R6GW,SET268-KR-NP-M,,
B08YYQXZHK,MEN5019-KR-XXXL,,
B09RKDYFFP,SET333-KR-DPT-XS,,
B0822TCBKH,SET110-KR-PP-XXXL,,
B09LD23MRS,PJNE2171-KR-N-5XL,,
B09RKF1F47,SET310-KR-NP-S,,
B08B3Y6ZXM,SET219-KR-PP-XXXL,,
B089G2K69F,J0096-KR-XL,,
B08MYTBNPH,JNE3562-KR-XXL,,
B09K3WHQ6G,JNE3745-KR-S,,
B09HMCTDFZ,JNE3795-KR-XS,,
B09RKDGZ2D,SET397-KR-NP-XXL,,
B07WP5DYSW,JNE3365-KR-1052-A-M,,
B0822SQ4GV,SET145-KR-NP-S,,
B08MXFTM5W,SET220-KR-PP-XL,,
B07WS16LKW,JNE3371-KR-XXXL,,
B08RP2HWM6,JNE3487-KR-XXXL,,
B093ZRBGR9,JNE3702-KR-XXXL,,
B08B3YC7HZ,JNE3461-KR-XXXL,,
B099FC39QH,JNE3739-KR-L,,
B0983CRK42,SET265-KR-NP-L,,
B09NDLLL9H,SET343-KR-NP-XXL,,
B09B2BZ31X,JNE3534-KR-XS,,
B089G1FCC7,J0094-KR-M,,
B09QJ5BYM8,SET364-KR-NP-XXL,,
B07HWRCWF8,JNE2265-KR-501-XL,,
B094FMCJQP,JNE3690-TU-S,,
B09RKFRBJB,SET347-KR-NP-XL,,
B074X8TX37,JNE1998-KR-311-S,,
B09G2SYZCM,JNE3715-KR-S,,
B077YWLPWJ,BL003-50BLACK,,
B08YYPZJ9R,MEN5005-KR-XXXL,,
B08YZ2M4SQ,MEN5028-KR-XXL,,
B09KXWWDL3,J0215-BL-L,,
B099NQB2S9,JNE3714-KR-L,,
B09LD4J4NP,PJNE2199-KR-N-6XL,,
B097ZZR31W,JNE3634-KR-M,,
B08TRHPCDQ,JNE3421-KR-N-L,,
B099NJRH7C,SET285-KR-SHA-XS,,
B083SLWN34,JNE3394-KR-A-XL,,
B09QJ362XS,SET356-KR-NP-XL,,
B08RP3TP66,JNE3468-KR-XXL,,
B098314S8L,J0343-DR-XXXL,,
B09M6VB8C4,J0380-SKD-XXXL,,
B09M6TRWRL,J0382-SKD-XL,,
B09LD4YF4X,PJNE3399-KR-N-6XL,,
B09M76SVFW,PJNE3068-KR-6XL,,
B08RP67NGB,JNE3468-KR-XL,,
B08ZYPD8GX,J0236-SKD-S,,
B09SDZ78G5,JNE3799-KR-XS,,
B085HRF83T,SET121-KR-NP-XS,,
B0965L5FLZ,J0202-TP-XXL,,
B0894WPZNV,J0014-LCD-S,,
B083ZZGZBV,JNE3396-KR-XL,,
B08W1HC76G,JNE3609-KR-XXL,,
B09KXNZ377,JNE3775-KR-S,,
B099S8X47K,J0301-TP-XXL,,
B08ZHT1PKK,JNE3659-TP-N-L,,
B08ZHKRV5F,JNE3652-TP-N-L,,
B0983CDYWM,SET192-KR-NP-XXXL,,
B0986TP5RR,J0336-TP-XXXL,,
B08B412RJH,SET187-KR-DH-M,,
B083ZSHVS6,JNE3409-KR-S,,
B09KXV6T8Q,SET345-KR-NP-S,,
B09SDYWXDS,JNE3800-KR-XL,,
B09M6S719P,J0228-SKD-S,,
B08RYRBZPC,J0119-TP-XXL,,
B08MYWM9D2,JNE3562-KR-XL,,
B09LV1K1PD,JNE3818-KR-M,,
B08ZJ91MT3,JNE3712-TP-N-M,,
B081WRP562,JNE3423-KR-XL,,
B0899K195Q,J0023-TP-XXL,,
B07H6L4CBM,JNE2032-KR-205-XXXL,,
B08PCW5HD7,JNE3560-KR-L,,
B0982ZYR1X,JNE3706-DR-L,,
B09RPCWKJW,SET398-KR-PP-XS,,
B099S81YF8,J0294-TP-XS,,
B08CMMN974,J0095-SET-XXL,,
B08RP49CLQ,JNE3463-KR-L,,
B08HHJRFQP,JNE3546-KR-L,,
B09K3ST3YW,JNE3764-KR-XL,,
B09NQ4C51C,SET331-KR-NP-XXXL,,
B08QGQJ5P4,J0278-SET-XXXL,,
B09KXW4WPW,SET319-KR-NP-XXXL,,
B08N48MV3R,J0117-TP-S,,
B09RK6BZYM,JNE3870-DR-XL,,
B09K3TM23D,JNE3784-KR-L,,
B099NL1RPF,SET287-KR-NP-M,,
B08KRXTFXH,JNE3567-KR-L,,
B09K3L39C4,J0372-SKD-M,,
B091Y3X391,J0139-KR-XXXL,,
B08BJRMLZC,J0097-KR-XXXL,,
B082W8B28G,JNE3399-KR-XL,,
B085HRZN1M,SET182-KR-DH-XXXL,,
B09K3HVZ83,SET304-KR-DPT-XL,,
B09QJ3RNNY,SET356-KR-NP-XXL,,
B0822TFD7Y,SET110-KR-PP-XS,,
B09BQBB47Y,JNE3722-KR-L,,
B099RJY1RY,JNE3480-KR-M,,
B07JNSZNV5,SET014-KR-PP-M,,
B08YYZ7YQZ,MEN5007-KR-M,,
B0982ZDB2S,J0339-DR-XL,,
B09K4182W8,JNE3784-KR-XXXL,,
B09TZSX6PQ,JNE3894-TP-M,,
B08HK4MG14,JNE3543-KR-XL,,
B08YYS5WM3,MEN5027-KR-XL,,
B08YZ2ZXT4,MEN5006-KR-XL,,
B09RKC8XLG,JNE3806-KR-L,,
B09RK7CGHJ,JNE3870-DR-XXXL,,
B09QJ3QY96,SET349-KR-NP-XS,,
B08BF4PWCT,JNE3465-KR-XL,,
B0982Z1994,J0343-DR-XL,,
B08YYQRS7M,MEN5021-KR-M,,
B08YYSMBZ3,MEN5031-KR-S,,
B07X3KSDT3,SET098-KR-PP-S,,
B0983F2ZJW,SET278-KR-NP-S,,
B07R41S1YG,JNE3294-KR-XXL,,
B09TH8L9PW,SET363-KR-NP-M,,
B09CTFP96V,SET282-KR-PP-XXXL,,
B09TY2DQ8G,J0414-DR-XXXL,,
B08WQCD1RK,JNE3506-KR-XXL,,
B08YYTH8N5,MEN5001-KR-M,,
B08YYV8NZL,MEN5022-KR-M,,
B08YZ1B283,MEN5023-KR-M,,
B08YYSPMPN,MEN5030-KR-M,,
B08YZ45DTV,MEN5003-KR-XXXL,,
B08ZHFVV6F,JNE3660-TP-N-S,,
B0893DLLWX,JNE3407-KR-S,,
B09RKFJ94S,SET359-KR-NP-L,,
B09QJ3VNR7,J0377-SKD-XXXL,,
B09LTY88GR,JNE3818-KR-XXL,,
B0893DHZYM,JNE3412-KR-XXL,,
B099NPK5DS,JNE3757-KR-XXL,,
B09K3T9XRW,JNE3805-KR-S,,
B099NTV5ZV,J0308-DR-XXXL,,
B08W9PN5YX,SET184-KR-PP-S,,
B09LV2CTYL,JNE3825-KR-M,,
B077Z7WDXN,BL017-63BLACK,,
B092D3D5BL,J0098-TP-XXL,,
B079WZ263P,JNE2171-KR-437-S,,
B09K3THDTH,JNE3802-KR-L,,
B09LD3V5V3,PJNE3399-KR-N-4XL,,
B099NK1G2C,J0349-SET-XL,,
B09LD1P9KP,PJNE3440-KR-N-5XL,,
B08QGL9C1P,JNE3579-KR-L,,
B082W8F8P3,JNE3373-KR-M,,
B091XYDRMV,J0139-KR-XXL,,
B08YYR13RX,MEN5006-KR-L,,
B08QGJ32WW,J0285-SKD-S,,
B097ZZZ37J,JNE3724-KR-XL,,
B099NPC16D,NW037-TP-SR-L,,
B0986Y2KBV,J0334-TP-S,,
B077Z7WHCB,BL001-50PINK,,
B07X3JWM6Y,SET098-KR-PP-XXL,,
B09QJMF9YB,SET388-KR-NP-XXXL,,
B09M76KXC7,NW034-TP-PJ-XXXL,,
B08ZHRYMZD,JNE3639-TP-N-XL,,
B08YYTL6BX,MEN5028-KR-XL,,
B08YZ1RHHJ,MEN5011-KR-XL,,
B099FD9VJ9,JNE3718-KR-L,,
B09BQLCM88,SET266-KR-NP-L,,
B07MY36V38,SET048-KR-NP-L,,
B098322SHW,J0210-DR-XL,,
B08CMN1K86,J0095-SET-XL,,
B09Q18R2RN,SET342-KR-NP-N-XXL,,
B08RP29G54,JNE3487-KR-L,,
B08ZHWGYF2,JNE3651-TP-N-M,,
B0894XKSM1,J0002-SKD-XL,,
B0894XWGCR,J0004-SKD-XL,,
B08WHW4T6L,J0234-SKD-L,,
B08ZYQB6HN,J0236-SKD-L,,
B08BJS7G2R,J0010-LCD-S,,
B09KXTVG9R,J0247-SKD-L,,
B099FCBF34,JNE3721-KR-XS,,
B07K3VQMML,JNE3160-KR-G-XXXL,,
B08YZ2RC62,MEN5008-KR-XXL,,
B085GC4VG9,BL103-XL,,
B08YZ2JMRN,MEN5029-KR-XL,,
B08QGLPC25,J0281-SKD-XS,,
B09SDYNSM7,JNE3861-DR-M,,
B099FD3RH8,JNE3739-KR-XL,,
B099NJ3Y8W,J0349-SET-XXL,,
B08B3XS7ST,SET183-KR-DH-XXXL,,
B09TZSJMGG,JNE3865-TP-XL,,
B08WRBG19P,SET199-KR-NP-L,,
B0894X7XDM,J0006-SET-XXXL,,
B07SBYCJ74,JNE3334-KR-XXL,,
B0894X1Q3M,J0004-SKD-XXXL,,
B08MYV7SM8,JNE3564-KR-XXL,,
B09B2D8R2K,JNE3534-KR-XXXL,,
B091Q8JYY5,JNE3620-KR-L,,
B09HMCWNJX,JNE3795-KR-S,,
B09QJN1ZZ6,SET358-KR-NP-XXL,,
B09NQ4HG4J,SET332-KR-PP-XL,,
B0986YS2YT,JNE3691-TU-M,,
B0986ZWRKD,J0334-TP-M,,
B07FVMT2G5,JNE2205-KR-467-A-XXXL,,
B091Q84CBF,JNE3618-KR-L,,
B0894X27FC,J0003-SET-S,,
B09QJ495SF,SET364-KR-NP-L,,
B08YNJKQFM,SET264-KR-NP-XXXL,,
B09RKDN6S4,SET315-KR-PP-XL,,
B09LM6C4WH,J0332-DR-XXL,,
B0986X1Z7J,J0336-TP-M,,
B09K3TFNR8,JNE3805-KR-M,,
B091YR33W5,J0158-DR-XL,,
B0983FQYML,SET269-KR-NP-S,,
B07FX4TCQR,JNE2153-KR-278-A-XS,,
B09PYK485Q,PJNE3607-KR-5XL,,
B0922T2H82,NW009-ST-CP-XXXL,,
B09812HG5W,J0352-KR-XXL,,
B08QGK9V5N,J0162-SKD-XXXL,,
B08W1SP4PR,JNE3627-KR-L,,
B0894YHVKG,J0014-LCD-L,,
B09K3ZQCF9,JNE3803-KR-S,,
B085HMZBP2,JNE3437-KR-L,,
B099NMFGMJ,JNE3718-KR-XL,,
B08RP3PMYD,JNE3463-KR-XL,,
B09KXV4L7M,SET313-KR-NP-XS,,
B08V1Q4V1K,SET239-KR-NP-XXL,,
B09G2STB6H,NW030-TP-PJ-XL,,
B09HMNBMYC,JNE3543-KR-XS,,
B08C31KF8Y,J0049-TP-XXXL,,
B09HMS8F1B,JNE3794-KR-XXL,,
B09RMSZ7S6,JNE3863-TU-L,,
B08QGNJ2FH,J0181-TP-M,,
B09RKCSJQ5,JNE3837-KR-L,,
B09HMG9NV1,JNE3730-KR-XL,,
B099S87FTK,J0301-TP-XL,,
B09PYKDYZ3,PJNE3368-KR-5XL,,
B099S92WJ1,J0342-TP-XXL,,
B09RPQV7SV,SET398-KR-PP-XL,,
B08WPR181B,JNE3510-KR-L,,
B09RKCX5WR,SET333-KR-DPT-L,,
B082W84Q2J,JNE3399-KR-M,,
B09KXT86V1,SET316-KR-DPT-XXXL,,
B07K4C1KTB,JNE3160-KR-G-XL,,
B09K3RBXGF,JNE3773-KR-XL,,
B09K3S4P57,JNE3784-KR-XL,,
B0894WMVMW,J0004-SKD-L,,
B08RP216N4,JNE3463-KR-XS,,
B0983CL283,J0346-SET-L,,
B07T65WM8Q,JNE3366-KR-1053-L,,
B08QGN4RYQ,J0285-SKD-XS,,
B08YYZNFQG,MEN5009-KR-S,,
B0822T4YG6,SET110-KR-PP-XL,,
B08YZ1MK8Z,MEN5013-KR-S,,
B09QJ55L57,J0378-SKD-M,,
B07WS16S49,JNE3371-KR-S,,
B0922TRMHM,NW006-ST-SR-XXXL,,
B081WSGX1L,JNE3439-KR-M,,
B09813H6G4,JNE3636-KR-XL,,
B09M75WS4Q,NW034-TP-PJ-XL,,
B08N4RDVZP,J0118-TP-XL,,
B08N1B4TPL,J0132-KR-XXL,,
B09K3DQZ66,SET293-KR-NP-XL,,
B07V6ZF279,SET073-KR-SHA-M,,
B099NNYQ1K,JNE3703-KR-XL,,
B07SHSPX5F,SET087-KR-PP-M,,
B09811MMG5,J0353-KR-XXL,,
B074SW485J,JNE1977-KR-237-M,,
B09K3T14LM,JNE3781-KR-XS,,
B099NNQGS2,NW037-TP-SR-XS,,
B089G1R7G8,J0025-DR-XXXL,,
B08V1FR2M9,J0152-DR-XXL,,
B091YGKXY9,J0158-DR-XXXL,,
B09KXTD3Q6,SET353-KR-NP-XL,,
B089G23VMN,J0092-SET-XXL,,
B08YZ3NKT8,MEN5026-KR-M,,
B08WHYZM3K,SET253-KR-NP-XXXL,,
B09RKDD6BP,J0248-KR-DPT-L,,
B092SGXQBG,JNE3618-KR-XL,,
B099NGZGRJ,SET286-KR-NP-XL,,
B08XQBC8FV,SET268-KR-NP-XXXL,,
B09SDXW42C,J0402-DR-L,,
B09K3S3FFN,SET304-KR-DPT-L,,
B091T5FWQC,JNE3710-DR-XL,,
B09NDKJKPN,SET374-KR-NP-M,,
B09QJN3H8D,SET366-KR-NP-XL,,
B08RYPYSND,J0119-TP-XS,,
B09811Y7WM,JNE3697-KR-L,,
B0922VCDNR,NW015-TP-PJ-M,,
B079WXK84M,JNE2171-KR-437-L,,
B0986TPXV3,J0198-TP-XS,,
B09K38ZCR6,SET386-KR-NP-L,,
B08B3YH18X,SET197-KR-NP-XXL,,
B099NTV5X1,J0293-DR-XS,,
B09RKFJ2XF,SET322-KR-SHA-S,,
B08QGJR8RG,J0281-SKD-S,,
B09RKD2Z9R,SET350-KR-NP-XL,,
B08N4PZ36K,JNE3605-KR-XXL,,
B09PN3FDX8,SET295-KR-NP-M,,
B08YNFKKGY,SET264-KR-NP-L,,
B079WYDLLS,JNE2171-KR-437-XL,,
B01LZYQ93J,JNE1234-MULTI-KR-032-M,,
B0943CV4N8,JNE3673-TU-L,,
B08MYPMVSL,J0124-TP-L,,
B09K3CNYF5,SET293-KR-NP-XXXL,,
B099NPFSX3,JNE3742-KR-M,,
B08YZ1XTLS,MEN5012-KR-L,,
B099F9QW3K,JNE3757-KR-XL,,
B08YZ1H4TG,MEN5032-KR-XL,,
B08B3Z5XM5,SET183-KR-DH-XXL,,
B08HK3LHZL,JNE3455-KR-M,,
B0982Z84XP,J0333-DR-XS,,
B099NM4XNX,JNE3761-KR-XL,,
B0822SX9WB,SET145-KR-NP-L,,
B09SDYL6L1,JNE3801-KR-XL,,
B0822TKGKH,SET171-KR-NP-XXXL,,
B082W85LKJ,JNE3404-KR-XXL,,
B08WJ2B2QY,J0234-SKD-XL,,
B01N4U4WXP,JNE1408-GREY-KR-UDF19-XXL,,
B08YYT4GQJ,MEN5022-KR-S,,
B08YYSKBSS,MEN5020-KR-XXXL,,
B09K3YHSDV,SET304-KR-DPT-XXL,,
B0983BXKQH,SET275-KR-NP-XL,,
B08MYQPHFK,J0122-TP-XL,,
B08B3XN2LC,SET183-KR-DH-XS,,
B08MXBX6B7,SET233-KR-PP-XXL,,
B09811WPL9,JNE3504-KR-XL,,
B08B3ZKRY9,JNE3473-KR-XXXL,,
B07WV1W876,JNE3366-KR-1053-A-XXXL,,
B0922TK8CF,NW012-TP-PJ-XL,,
B08316WZM5,JNE3425-KR-M,,
B08B3ZFHC6,SET197-KR-NP-XL,,
B09NDKQD88,SET374-KR-NP-L,,
B07S8VQ9Y4,JNE3334-KR-L,,
B08KS1W7V8,JNE3567-KR-S,,
B0894X4347,J0014-LCD-XL,,
B092D2YZX6,J0111-TP-S,,
B0899Y6NVG,SET217-KR-PP-XL,,
B08QGMG4RW,J0280-SKD-XXL,,
B09PBXT93F,J0216-BL-S,,
B08TZVDSYS,J0154-DR-XL,,
B098713RKD,JNE3667-TP-M,,
B07861S95R,BL026-74BEIGE-B,,
B089G1KDMD,J0020-SET-XL,,
B08P1G6BB1,SET227-KR-PP-A-XL,,
B08RYPRVPV,J0119-TP-XXXL,,
B09SDZF54G,JNE3798-KR-XXL,,
B09K3N11L8,SET304-KR-DPT-XXXL,,
B09TH574ZW,JNE3838-KR-XL,,
B09M768N86,NW034-TP-PJ-XXL,,
B07SHBLS7R,JNE3311-KR-XS,,
B09K3TM23C,JNE3764-KR-M,,
B08MYRR1ZW,SET203-KR-DPT-XL,,
B085HP1LQR,JNE3437-KR-M,,
B07R5YSBYB,JNE3288-KR-XXL,,
B09SDZ4XRT,JNE3801-KR-XXL,,
B09G2RFP14,NW030-TP-PJ-S,,
B08B3YKPYF,SET187-KR-DH-XS,,
B09RP8VTX6,SET398-KR-PP-S,,
B099NL77RF,JNE3741-KR-XXXL,,
B099NS29KD,J0296-DR-XS,,
B08HK5K7KF,SET196-KR-NP-M,,
B09KXKLZ1F,J0373-KR-S,,
B08BJQ4CN7,J0104-KR-S,,
B09831MSSX,J0338-DR-XL,,
B09LTZV6GM,JNE3735-KR-XXL,,
B0983157NR,JNE3706-DR-S,,
B091SW66WJ,JNE3710-DR-L,,
B09K3WKWR2,SET328-KR-NP-XXL,,
B09RSX8B8D,SET339-KR-NP-XXL,,
B08BFLKNGJ,JNE3465-KR-L,,
B083171G6M,JNE3403-KR-XS,,
B0822SS99K,SET171-KR-NP-L,,
B091Q8L39S,JNE3612-KR-XL,,
B081X3C29B,JNE3420-KR-S,,
B09HMXSDF8,JNE3563-KR-XS,,
B0928VL4RG,NW003-TP-PJ-L,,
B09K3DV6Q9,SET328-KR-NP-L,,
B09NDK1LZ3,SET343-KR-NP-M,,
B0894XZZQC,J0007-SKD-M,,
B0983F138V,SET258-KR-PP-XXL,,
B09KXTGYSP,SET352-KR-NP-L,,
B08YYSCF1V,MEN5014-KR-XXXL,,
B08YZ1BNXR,MEN5032-KR-M,,
B099NM6SKS,SET287-KR-NP-L,,
B09872TQWK,J0344-TP-XL,,
B098124671,J0355-KR-L,,
B09811KK67,J0352-KR-XL,,
B09K41PGGB,JNE3749-KR-L,,
B09811QHPX,JNE3616-KR-M,,
B08YYSX188,MEN5025-KR-XXL,,
B08QGM4LMF,J0135-SET-XXL,,
B07SMNGTKQ,JNE3313-KR-A-XXL,,
B08YYZHYXT,MEN5031-KR-XXL,,
B0981293MJ,JNE3581-KR-S,,
B0783Q5HMF,JNE2014-KR-178-L,,
B08ZHMSJVJ,JNE3639-TP-N-M,,
B071YXDT73,JNE1951-KR-155-XL,,
B0894YTN3H,J0008-SKD-M,,
B08PCRPSKP,JNE3560-KR-XXL,,
B09YYQV9JG,JNE3905-DR-L,,
B09831XC46,J0335-DR-M,,
B09RKF9KV8,SET347-KR-NP-M,,
B08V1N2D45,J0113-TP-XL,,
B08L949J14,SET198-KR-NP-A-XXXL,,
B08W9KCKQD,JNE3484-KR-XL,,
B08QGMLJF7,J0285-SKD-XL,,
B08BJR2R7M,J0097-KR-L,,
B08QGN532D,J0171-DR-XXL,,
B09SDXT7CF,SET330-KR-PP-S,,
B09CTKZ5FP,SET279-LC-XXXL,,
B099FB9BP3,JNE3761-KR-XXL,,
B099FDH3P2,JNE3703-KR-XXL,,
B07R51NJC2,JNE3265-KR-XXL,,
B099NK23VT,SET286-KR-NP-XXXL,,
B09W62SX2P,SET400-KR-NP-XXXL,,
B08QGQJ5P3,J0283-SET-XXXL,,
B0894WVKRP,J0004-SKD-XS,,
B09SDXVB62,JNE3779-KR-XXL,,
B099NMQR6C,J0349-SET-L,,
B09QJMPVPD,SET358-KR-NP-XXXL,,
B0986Z5BDC,J0340-TP-L,,
B08MXFT72L,SET233-KR-PP-M,,
B08WQ1W4JV,JNE3510-KR-XXL,,
B08BJSMMBL,J0097-KR-XS,,
B09SDZ4FH9,JNE3801-KR-M,,
B089G1JFVJ,J0025-DR-XS,,
B098311R59,J0209-DR-XS,,
B09SDYS45X,J0395-DR-XS,,
B08KRZRSCL,JNE3568-KR-M,,
B07K5BGGYN,SET014-KR-PP-A-XXL,,
B0922RYWBL,NW005-ST-PJ-XXXL,,
B0928WHKTX,NW013-ST-SR-XXXL,,
B08999SMY4,J0023-TP-XXXL,,
B098P4234P,J0343-DR-L,,
B08W8DJG7F,SET184-KR-PP-XL,,
B09RK757KM,JNE3869-DR-XXXL,,
B08MYS5MS1,JNE3479-KR-XL,,
B09813XDGT,JNE3634-KR-XS,,
B09RKF9GZQ,SET397-KR-NP-S,,
B09KXT773V,SET389-KR-NP-XXXL,,
B082Z3FFL7,SET138-KR-PP-M,,
B094FH578D,JNE3690-TU-XS,,
B091Q97FJ7,JNE3620-KR-XL,,
B08XVKMPHJ,JNE3613-KR-XL,,
B08V1JND9P,J0108-SKD-XL,,
B092D2R649,J0098-TP-M,,
B092D27VN5,J0089-TP-XXL,,
B08YYZM8WL,MEN5014-KR-XL,,
B09SDYG7YP,JNE3861-DR-L,,
B08QGM4GQB,SET229-KR-PP-L,,
B09TY1MXMF,J0415-DR-M,,
B084KRG3FY,JNE3384-KR-S,,
B09QJ399Q3,SET405-KR-NP-XS,,
B08YYY58JV,MEN5018-KR-XL,,
B0925YDWP9,J0244-SKD-XL,,
B0986XQG53,JNE3691-TU-XL,,
B099NWNGVK,J0349-SET-M,,
B09TH6N4N9,SET363-KR-NP-S,,
B08RP3LHNB,JNE3468-KR-M,,
B07SRFMLJM,SET100-KR-PP-XL,,
B07R5WHLJD,JNE3261-KR-XXL,,
B08QGL6BRP,J0277-SKD-M,,
B09QJ3RGB6,SET393-KR-NP-XS,,
B09QJ46T37,SET348-KR-NP-L,,
B09HMWRQP1,SET233-KR-PP-XXXL,,
B09B2BLMDZ,JNE3547-KR-XXXL,,
B09SDY4VDC,JNE3797-KR-XXXL,,
B09NQ4QS13,SET324-KR-NP-XL,,
B09SDZ13F9,J0400-DR-M,,
B08MXD1BW4,JNE3548-KR-L,,
B091SJ3KF3,JNE3709-DR-M,,
B08TZD5W7J,J0126-SKD-L,,
B0981312JV,JNE3581-KR-M,,
B09CTB4JPF,SET280-KR-PP-XS,,
B08V13SJ73,SET239-KR-NP-XXXL,,
B07R65WLT2,SET058-KR-NP-M,,
B0982ZDQJK,J0343-DR-S,,
B08BF9YDKC,JNE3449-KR-S,,
B09832B571,J0333-DR-XL,,
B099S9P2FK,J0301-TP-XXXL,,
B07C3KQTC9,JNE2251-KR-537-L,,
B0925VRVWB,J0239-SKD-XS,,
B0986XJDJ4,J0344-TP-M,,
B09PBVTDCM,J0219-BL-XL,,
B08ZHPC5JP,JNE3659-TP-N-S,,
B08MYT459J,JNE3479-KR-S,,
B09G2SR3GF,JNE3715-KR-M,,
B099S89M91,J0294-TP-S,,
B091QB6SSN,JNE3618-KR-S,,
B09KXPXP31,J0373-KR-XS,,
B09QJMSLD1,SET366-KR-NP-XXL,,
B09KXT3ZJR,SET334-KR-NP-S,,
B09KXX4B9X,SET337-KR-NP-S,,
B08ZHV1T4W,JNE3652-TP-N-S,,
B08TRHQDFP,JNE3421-KR-N-XXL,,
B09RKFGKYJ,SET408-KR-NP-S,,
B0793R98X2,JNE2086-KR-389-L,,
B09RKDCHPH,SET322-KR-SHA-M,,
B09SDXL8S4,JNE3799-KR-M,,
B09435XLJD,JNE3673-TU-XS,,
B0986ZP5HZ,JNE3665-TP-S,,
B099NJ4XRB,J0349-SET-S,,
B09K3ZDF82,JNE3777-KR-XXL,,
B08XQ8MJZG,SET268-KR-NP-XXL,,
B09812G7DK,JNE3697-KR-S,,
B09KXV94NJ,SET345-KR-NP-XXXL,,
B09K36SNZ6,SET329-KR-NP-XXXL,,
B099NQPGHG,NW024-TP-PJ-XS,,
B09K3WFR76,JNE3805-KR-XL,,
B08P1DRF4J,SET228-KR-PP-A-XL,,
B097ZZTMZD,JNE3634-KR-XXXL,,
B09LTZMK13,JNE3822-KR-M,,
B09K3CQ75T,SET383-KR-NP-M,,
B094FRW46T,SET273-KR-NP-M,,
B08WHW2TZH,SET244-KR-NP-M,,
B09KXMMVY1,JNE3789-KR-XS,,
B09B3GMZYW,JNE3669-TU-S,,
B09CT5Z9BB,SET279-LC-XS,,
B09PN51JWD,SET295-KR-NP-XL,,
B081X43MWL,JNE3422-KR-XL,,
B09B2D4VMB,JNE3481-KR-XS,,
B09HMPDC1K,JNE3794-KR-XS,,
B0822VCQQC,SET145-KR-NP-XXL,,
B09QJ51J2K,SET393-KR-NP-L,,
B093ZSHLJ1,JNE3702-KR-XXL,,
B08W2DV8R1,JNE3629-KR-M,,
B08ZHN6H5T,JNE3645-TP-N-S,,
B09QJ3RQBX,SET348-KR-NP-M,,
B09QJ35BD6,J0377-SKD-XL,,
B07THX6Z8S,SET075-KR-DH-L,,
B08BJT3PSM,J0097-KR-M,,
B08N3Y1RLL,J0153-DR-XXXL,,
B099FC9KR1,JNE3721-KR-M,,
B08ZHWQWSX,JNE3640-TP-N-XXL,,
B09RKDPBQV,SET302-KR-PP-XXXL,,
B08ZHQ7W7T,JNE3645-TP-N-XL,,
B09K3ZQ6DQ,JNE3763-KR-L,,
B09CT4QFXS,JNE3630-KR-XXXL,,
B08B3Z6T6W,JNE3461-KR-XS,,
B081X921QM,JNE3368-KR-XL,,
B09KXQ1919,JNE3751-KR-XXXL,,
B09K3R5C7C,JNE3749-KR-XXXL,,
B08YZ2L9TX,MEN5008-KR-M,,
B09K3P2BCG,SET386-KR-NP-M,,
B08MYMV3K7,J0122-TP-XXXL,,
B094FJ9GJ9,JNE3633-KR-S,,
B09SDZ9BRP,J0398-DR-M,,
B08XNG7DRS,J0231-SKD-XL,,
B0983FZD5K,SET278-KR-NP-L,,
B09B3HRDLP,JNE3654-TP-M,,
B0982ZMQGG,J0339-DR-XS,,
B09CTC3Z4S,SET279-LC-L,,
B09K3SJVR1,SET385-KR-NP-XL,,
B098124BPM,J0353-KR-XL,,
B08QGPWMRG,J0280-SKD-XS,,
B09QJNFSBR,SET388-KR-NP-XL,,
B08B3Z4J34,J0006-SET-XS,,
B08HHJPWBS,JNE3546-KR-S,,
B09KXTP59M,SET311-KR-NP-L,,
B08QGQKRFY,J0283-SET-L,,
B09RKDX3Z1,SET413-KR-NP-S,,
B08HK5JSM1,JNE3546-KR-XL,,
B08BK5LDMW,JNE3491-KR-XL,,
B089G1TV2D,J0093-DR-XXL,,
B081X18FL6,JNE3446-KR-S,,
B099NPPRKB,JNE3720-KR-M,,
B08YYRX2L6,MEN5022-KR-XXL,,
B0983FS8GB,SET278-KR-NP-XXXL,,
B099NJBZMD,J0349-SET-XXXL,,
B094FR5S1D,SET270-KR-PP-XXL,,
B08B3YN5Y8,JNE3523-KR-S,,
B09CTB7JMG,J0351-SET-XXXL,,
B09RK6NS3V,JNE3869-DR-XXL,,
B0965JHRDM,J0204-TP-L,,
B099WYP44F,SET209-KR-PP-XS,,
B09CTFCW94,SET282-KR-PP-XL,,
B09875DFR2,JNE3691-TU-S,,
B09HM2SNK4,JNE09210-PINK-SR-JP8101RNV,,
B09QJ4J3LH,SET348-KR-NP-XS,,
B09LV1SJKT,JNE3822-KR-XXL,,
B09812HV48,JNE3515-KR-XXL,,
B0822TZN8Y,SET171-KR-NP-XS,,
B08W8NPXMS,JNE3522-KR-L,,
B0894WT213,J0006-SET-S,,
B0943FN3W4,JNE3675-TU-S,,
B08B3YK5R3,J0005-DR-S,,
B082W7Y2KY,JNE3399-KR-XXXL,,
B099NJML8Z,SET285-KR-SHA-L,,
B0986ZMC3Y,J0198-TP-L,,
B09Y3CXSKQ,J0419-TP-XL,,
B09QJ5M6TW,SET405-KR-NP-M,,
B08QGN1YBQ,J0162-SKD-L,,
B099NSBYRS,NW016-ST-SR-XXXL,,
B09SDY51NS,JNE3801-KR-L,,
B09G2R6Y8J,NW030-TP-PJ-M,,
B08RP6K224,JNE3463-KR-M,,
B0894XGSH9,J0012-SKD-L,,
B08MXSQPFH,SET230-KR-PP-S,,
B0822TC784,SET145-KR-NP-XXXL,,
B081WV46SS,JNE3391-KR-XXXL,,
B09RKCC8WS,JNE3787-KR-XXXL,,
B09Q19BQCF,SET342-KR-NP-N-XL,,
B09QJ4RWZG,SET349-KR-NP-XL,,
B091Z69GJ4,J0130-SET-XXL,,
B09KXSVZXJ,SET353-KR-NP-XXL,,
B09K3NHD6H,SET303-KR-NP-XS,,
B08MXCX8LS,SET224-KR-NP-S,,
B09SDYGHX3,J0401-DR-S,,
B08BJS1LPN,J0097-KR-S,,
B077M6KWYJ,JNE2014-KR-178-M,,
B099NNX4TD,JNE3742-KR-XS,,
B098126Y6Q,JNE3515-KR-XXXL,,
B094373LWG,JNE3680-TU-XXXL,,
B09KXVVR34,J0217-BL-M,,
B099NNC9GP,JNE3716-KR-XXXL,,
B07SZSYNQ9,JNE3366-KR-1053-XXXL,,
B08RYQQD6Z,J0119-TP-L,,
B08W8KKGRX,JNE3470-KR-XXL,,
B07BL1MGBD,JNE2199-KR-411-A-M,,
B0929B7M5Y,J0148-SET-S,,
B08YYZ28L6,MEN5024-KR-XXXL,,
B07R51FQDF,JNE3288-KR-L,,
B08V17688J,J0113-TP-XXL,,
B0822TTYMH,SET171-KR-NP-S,,
B0928YCMQP,NW007-ST-CP-XXXL,,
B09HMY74F6,JNE3795-KR-XL,,
B08RYNBTRN,JNE3603-KR-XXL,,
B07BL298CT,JNE2199-KR-411-A-L,,
B09BQGNYP6,SET267-KR-NP-XL,,
B0894WR7FV,J0007-SKD-XL,,
B09831DMRP,J0209-DR-XXL,,
B09M6TJG5T,SET288-KR-NP-XS,,
B08MYV5CHK,SET232-KR-PP-S,,
B08HK4W6YT,JNE3546-KR-M,,
B08CMRV8D1,J0095-SET-M,,
B099FC2WTQ,JNE3762-KR-S,,
B08XVZ7YGN,JNE3635-KR-S,,
B099NK7Y5P,JNE3739-KR-XXL,,
B08QGR275F,J0166-DR-XS,,
B099FCVXXD,JNE3703-KR-M,,
B09RKD5K4Z,SET320-KR-NP-XXXL,,
B097ZZHBTC,JNE3614-KR-XL,,
B085HM8VTK,JNE3437-KR-XL,,
B091T32P4L,JNE3710-DR-XXL,,
B09811LWPN,JNE3724-KR-XXL,,
B09QJ4KBJ8,SET348-KR-NP-XXL,,
B092D2QGV4,J0111-TP-XXXL,,
B08ZHGDXW8,JNE3713-TP-N-XXL,,
B09YYV1LF9,J0385-KR-L,,
B081XDBBSH,JNE3368-KR-M,,
B09SDXXP6N,J0395-DR-XXXL,,
B09LV199DX,JNE3817-KR-XXL,,
B09NQ51CH7,SET331-KR-NP-XL,,
B09YYMFZBM,J0385-KR-XXXL,,
B082W7HW86,JNE3376-KR-M,,
B08RP2Y81T,JNE3487-KR-M,,
B082W88H1Z,JNE3401-KR-S,,
B09RKD22W2,SET322-KR-SHA-L,,
B08YYZFQZS,MEN5008-KR-L,,
B09SDZ58PX,JNE3880-DR-XS,,
B09RKQT3C4,J0248-KR-DPT-XXXL,,
B091HRCZD3,MEN5019-KR-L,,
B09TZVR58F,SET377-KR-NP-L,,
B08N19VQNW,JNE3479-KR-XXL,,
B094FR7J54,SET273-KR-NP-S,,
B09K3F6Y89,SET328-KR-NP-XL,,
B0926861CR,J0243-DR-XL,,
B099NRXJ5Z,NW024-TP-PJ-S,,
B09K3XZC3J,JNE3784-KR-XXL,,
B09YYLN4YQ,JNE3902-KR-XL,,
B08YZ275XH,MEN5006-KR-XXXL,,
B09BQFKTLT,SET267-KR-NP-XXL,,
B09SDY1YPT,JNE3861-DR-XS,,
B099SBNHK6,JNE3708-TU-S,,
B08QGJTZQS,JNE3579-KR-XXXL,,
B09SDZW3GY,J0401-DR-XL,,
B09K3ZT165,JNE3784-KR-S,,
B09811TX8R,J0355-KR-M,,
B09K3Y39WX,JNE3782-KR-XL,,
B08XNHXSFZ,J0230-SKD-XS,,
B08B3YB1FR,J0005-DR-XL,,
B09K36BDS5,SET383-KR-NP-XL,,
B09TH54RJ9,SET394-KR-NP-M,,
B0928Z6QCC,BL109-M,,
B099FDNFFV,JNE3703-KR-S,,
B07BL27M99,JNE2199-KR-411-A-XL,,
B09M6YD5T7,J0254-SKD-M,,
B09295Z14G,J0083-KR-L,,
B09QJ3CNZZ,SET356-KR-NP-XS,,
B08XVVJ97H,JNE3611-KR-S,,
B091J1C2R8,CH204-PURPLE-M,,
B08B3Y9CVB,JNE3473-KR-XL,,
B079WX69ZM,JNE2171-KR-437-M,,
B08MXCPNLS,JNE3554-KR-XXL,,
B09HMM2G1B,JNE3795-KR-L,,
B09QJLMRWQ,SET366-KR-NP-M,,
B09QJ4D21Y,SET356-KR-NP-M,,
B09QJLTPH8,SET366-KR-NP-XS,,
B08W9PXHK5,JNE3522-KR-M,,
B09RN5P9VK,JNE3863-TU-XXXL,,
B0922V149M,NW029-ST-SR-XXXL,,
B099NV3XFT,NW020-ST-SR-XXXL,,
B09B2G7CKV,JNE3560-KR-XXXL,,
B09QJ3QCXF,SET405-KR-NP-XXXL,,
B08MXC26NT,JNE3554-KR-M,,
B08TZTH235,J0126-SKD-XXL,,
B08ZHSXP1S,JNE3645-TP-N-M,,
B08ZHM3373,JNE3640-TP-N-M,,
B09K3V84KC,SET385-KR-NP-M,,
B09K3X66GN,JNE3784-KR-XS,,
B08L3SKS8C,BTM044-PP-M,,
B0983GKG7G,SET269-KR-NP-XXL,,
B082W87NQF,JNE3399-KR-S,,
B082W891PY,JNE3399-KR-XXL,,
B09QJLX1G1,SET358-KR-NP-S,,
B098112V2V,JNE3697-KR-XL,,
B0925X6RTJ,J0244-SKD-M,,
B08YYVFDZP,MEN5022-KR-L,,
B09K3VPYMT,JNE3769-KR-XS,,
B082Z3V1PB,SET139-KR-PP-XS,,
B07K5BZ7B3,SET014-KR-PP-A-M,,
B09KXQ9FPV,J0373-KR-L,,
B0922VHM3Z,NW029-ST-SR-XXL,,
B0982ZBHYK,J0338-DR-XXXL,,
B09SDYMGQQ,J0399-DR-XXXL,,
B0943BZY9W,JNE3658-TP-S,,
B099S8JY9L,J0292-TP-XS,,
B08ZJ6WWBC,JNE3643-TP-N-XS,,
B08ZHJJNF5,JNE3660-TP-N-XS,,
B09TZSN6PK,JNE3865-TP-L,,
B0983CP5WT,J0346-SET-XS,,
B099NHBL52,SET285-KR-SHA-XXL,,
B07D36SKBD,BL057-65BLACK-A,,
B09K3938KW,SET293-KR-NP-XS,,
B0922QVNNY,NW002-TP-PJ-XXXL,,
B0928XF9ZH,NW003-TP-PJ-XXXL,,
B08W9JNFXM,SET246-KR-PP-M,,
B07K41S1J4,JNE3160-KR-G-M,,
B08N47Z9YZ,J0118-TP-L,,
B09268MT2C,J0080-TP-XS,,
B08MXBZ5MT,JNE3566-KR-S,,
B01M3P3VPV,JNE1408-GREY-KR-UDF19-L,,
B09NQ75RF7,JNE3793-KR-M,,
B07FVRD8SQ,JNE2009-KR-310-XS,,
B08ZH7CR5N,JNE3713-TP-N-XL,,
B0983DZX48,SET269-KR-NP-XS,,
B0982ZST9P,J0211-DR-M,,
B09QJ57JPK,SET393-KR-NP-XXXL,,
B099FB3WLM,JNE3740-KR-XXXL,,
B09KXRB7JV,J0329-KR-L,,
B08N45SRK6,JNE3605-KR-S,,
B09SDXG1CP,JNE3798-KR-XL,,
B09M6S4DML,SET288-KR-NP-XL,,
B09QJ68QLV,SET348-KR-NP-XL,,
B09QJ46PYP,SET365-KR-NP-XXL,,
B09K3T5PT5,JNE3776-KR-XS,,
B099FCSBQR,JNE3761-KR-XS,,
B083SM2T9C,JNE3400-KR-XL,,
B08P1FGFFG,SET228-KR-PP-A-M,,
B08W1RQ2GZ,JNE3609-KR-XL,,
B097ZZZR1P,JNE3634-KR-XXL,,
B09TZRLNW1,JNE3865-TP-S,,
B09KXSKLS6,SET319-KR-NP-L,,
B0983D9C65,SET269-KR-NP-L,,
B08YYS7HQD,MEN5022-KR-XL,,
B099WXH67W,SET209-KR-PP-XXXL,,
B0986YM94G,JNE3662-TP-S,,
B09G2W57QG,JNE3715-KR-XXL,,
B08ZJ6YTF9,JNE3653-TP-N-XXL,,
B08ZJ1C71B,JNE3712-TP-N-XXL,,
B09SDXTRG1,JNE3799-KR-L,,
B08YYSQJTC,MEN5024-KR-L,,
B091Q8WX4W,JNE3620-KR-S,,
B089G1ZNLX,J0041-SET-XL,,
B09811K8YF,JNE3695-KR-S,,
B07SGQKCSG,SET070-KR-NP-XS,,
B084KQ11DZ,JNE3413-KR-S,,
B099NJMH8D,SET287-KR-NP-XXXL,,
B09KRW69NB,JNE3736-KR-XL,,
B08ZHHR63S,JNE3652-TP-N-XXL,,
B09RMHXY5X,JNE3863-TU-S,,
B08QGMN7BL,SET229-KR-PP-XL,,
B07JKQ3CGF,JNE2307-KR-572-M,,
B08XVFSDR2,JNE3613-KR-L,,
B09HMYXTSJ,SET236-KR-PP-XXXL,,
B08MXCQG85,SET223-KR-NP-XXXL,,
B09QJ3WXB4,SET380-KR-NP-M,,
B099FDKFX7,JNE3716-KR-M,,
B099NHHY1T,SET291-KR-PP-S,,
B07R5XFLN3,JNE3294-KR-XXXL,,
B09M6V8FSW,J0382-SKD-L,,
B091TC3B5V,JNE3709-DR-L,,
B08BJSMMBN,J0104-KR-M,,
B081X5N76H,JNE3423-KR-XXL,,
B08YYQS8FH,MEN5025-KR-XXXL,,
B09K3VHQYN,JNE3752-KR-L,,
B09KXV98RR,SET334-KR-NP-XL,,
B09K3SC63G,JNE3783-KR-L,,
B09TY1L6Z3,J0414-DR-M,,
B0845R11WH,BTM026-NP-XL,,
B08ZJBYJTN,JNE3659-TP-N-XXL,,
B09LTZR8MC,JNE3822-KR-L,,
B09NDL8QHB,SET343-KR-NP-S,,
B0983DV331,SET276-KR-PP-XS,,
B099FBRF4X,JNE3716-KR-L,,
B099FDV82Y,JNE3637-KR-M,,
B09HMT2BX4,JNE3795-KR-XXL,,
B0822TF519,SET172-KR-PP-B-L,,
B09K3X1ZY1,SET325-KR-NP-L,,
B081WWSSK7,JNE3422-KR-XXL,,
B089B23C54,SET217-KR-PP-L,,
B08W9MFDJD,SET184-KR-PP-M,,
B07SHBWH9K,JNE3311-KR-S,,
B0965L3YCM,J0203-TP-XXXL,,
B09K3W31TF,JNE3785-KR-S,,
B08XVXRVMY,JNE3518-KR-XXL,,
B09M6YB5VM,J0382-SKD-S,,
B08YYZNNWM,MEN5021-KR-L,,
B09RKDFBJ3,SET322-KR-SHA-XXL,,
B0983F3BLZ,SET278-KR-NP-M,,
B08YNCXZ9M,J0237-SKD-L,,
B08QGMVCH6,J0181-TP-XS,,
B0925Y1XGL,J0242-SKD-XXL,,
B08MXDBYQK,SET220-KR-PP-M,,
B09W64MGVN,SET400-KR-NP-XL,,
B08RP5393W,JNE3468-KR-XS,,
B09QJ3FWZV,SET349-KR-NP-S,,
B09537LJ5M,JNE3661-TP-XL,,
B09NDL6H2B,SET374-KR-NP-S,,
B09LD2KSXR,PJNE2171-KR-N-6XL,,
B09QJ5LYDH,SET393-KR-NP-S,,
B09SDY165N,J0402-DR-XS,,
B08HK5RDJN,SET216-KR-PP-XL,,
B08QGNQSLS,SET236-KR-PP-XL,,
B097ZZF2BD,JNE3617-KR-XL,,
B0768HCX12,JNE2032-KR-205-XXL,,
B09PBXB73K,J0219-BL-M,,
B085HH6VWN,JNE3437-KR-XXXL,,
B08B3ZHXFV,SET219-KR-PP-XXL,,
B092D4XKS1,J0087-TP-M,,
B07H7DD9D5,JNE3068-KR-A-XXL,,
B09K3KSFNY,SET308-KR-PP-XXXL,,
B08MXBM5TB,JNE3575-KR-M,,
B08MXBT88K,JNE3575-KR-L,,
B09K3T96QK,JNE3802-KR-XL,,
B092936P8C,J0136-KR-S,,
B08QGNKGKY,J0283-SET-XXL,,
B0965KHYNH,J0213-TP-M,,
B099S7GKSR,JNE3708-TU-XS,,
B0982ZDZ8H,J0339-DR-S,,
B08MYTMDWF,SET204-KR-DPT-XXXL,,
B07R5WM5YR,JNE3294-KR-L,,
B08BJSHTNG,J0097-KR-XL,,
B09297HCB3,J0143-SET-A-XXL,,
B09297X5HD,J0136-KR-XXL,,
B0845S6CL3,BTM031-NP-XL,,
B08ZHVSHYY,JNE3652-TP-N-M,,
B09M762ZSF,JNE3786-KR-XXXL,,
B09K3XNZNX,JNE3785-KR-XXL,,
B09K3V4NVW,JNE3785-KR-XXXL,,
B081WSPN63,JNE3446-KR-XXL,,
B099FCLXD3,J0299-KR-XXXL,,
B09KXQMF2R,JNE3751-KR-XXL,,
B09M71C67N,JNE3786-KR-XXL,,
B08BFWC9FF,JNE3459-KR-XXXL,,
B08463JXK7,BTM026-NP-M,,
B09RKF4FNJ,SET333-KR-DPT-M,,
B085G9RB4Z,BL103-XXL,,
B08W9XJKRG,JNE3522-KR-XXXL,,
B08ZH9LS2B,JNE3641-TP-N-XS,,
B09M6RZMD1,J0382-SKD-XXXL,,
B09871N18P,J0198-TP-M,,
B09RK7FBWT,JNE3870-DR-S,,
B0965LYN1Y,J0203-TP-M,,
B08MYTBL9T,SET203-KR-DPT-XXXL,,
B09KXQ1BP9,JNE3733-KR-XXXL,,
B07JPDNJTB,SET014-KR-PP-XL,,
B0822TVYZ1,SET145-KR-NP-M,,
B09RT1WSR9,SET339-KR-NP-S,,
B099NHFG2H,SET289-KR-NP-XL,,
B08XVKLMZK,JNE3611-KR-XXL,,
B0894XHM78,J0006-SET-XL,,
B08ZJ37HW4,JNE3639-TP-N-L,,
B07T1XCJWG,JNE3366-KR-1053-M,,
B09K3TGHYV,JNE3802-KR-XS,,
B07R5X9WJB,JNE3291-KR-L,,
B09QJ4HWCC,SET405-KR-NP-L,,
B09SDZ64HF,JNE3800-KR-XXXL,,
B099S8W6W1,J0297-TP-S,,
B099S89CXL,J0342-TP-S,,
B0986YM7CR,J0337-TP-S,,
B09RKF1Z2C,SET359-KR-NP-XS,,
B09814Q41H,JNE3616-KR-XS,,
B08N48GPXB,J0118-TP-S,,
B09K3WHHR1,JNE3781-KR-S,,
B09K3BNDTT,SET329-KR-NP-M,,
B089G33DCV,J0094-KR-L,,
B094FL7XWR,JNE3633-KR-XXL,,
B094FK7621,JNE3633-KR-L,,
B094FKV8JK,JNE3633-KR-M,,
B09871M45X,J0205-TP-XXL,,
B09QJ4QS15,SET380-KR-NP-S,,
B08W2R1L7V,JNE3609-KR-XXXL,,
B09K3YVY3B,SET328-KR-NP-M,,
B08XQ8Q141,SET249-KR-NP-L,,
B081WSTXZ9,JNE3423-KR-M,,
B09K3Y4T4D,JNE3804-KR-M,,
B09RKDXRZK,SET350-KR-NP-L,,
B0928ZYCP9,BL113-S,,
B09Q1943PQ,SET342-KR-NP-N-XS,,
B07FXVP936,JNE2199-KR-411-A-XXXL,,
B09HXSF88W,JNE09186-BLUE-SR-JP7104RMV-N,,
B07K32X6RR,JNE3160-KR-XXL,,
B07X3M5KLQ,SET098-KR-PP-L,,
B08QGKX1L8,SET243-KR-PP-L,,
B08RP3YXBX,JNE3468-KR-S,,
B08QM7Z7QJ,JNE3559-KR-L,,
B0894XKKWY,J0002-SKD-S,,
B0894WY9V7,J0012-SKD-XL,,
B08YZ19DL9,MEN5004-KR-L,,
B09RKCMWVM,JNE3837-KR-M,,
B0983F9VZQ,J0350-SET-XXXL,,
B09K3WRM4Q,JNE3781-KR-M,,
B09TY14PVB,J0416-DR-XL,,
B09BQBF3Y2,JNE3722-KR-XXL,,
B08ZHNDV5P,JNE3668-TP-N-M,,
B08TZX4W3Q,SET239-KR-NP-L,,
B099FB6BY3,JNE3716-KR-XL,,
B08MYX1DXG,JNE3574-KR-L,,
B08WHQY56H,SET261-KR-PP-S,,
B08KRKZQZL,BTM036-PP-XXXL,,
B091Q92M8Z,JNE3620-KR-XXL,,
B09B58186F,SET290-KR-DPT-XL,,
B09K3FPFL9,SET303-KR-NP-XXL,,
B074XBL3WM,JNE1998-KR-311-M,,
B09QJM78WH,SET366-KR-NP-XXXL,,
B09RKCZ71Q,SET375-KR-NP-XS,,
B09RKCG8QR,JNE3837-KR-XS,,
B081X4S826,JNE3423-KR-L,,
B08YYR1BFP,MEN5025-KR-M,,
B099WWC6M3,SET209-KR-PP-L,,
B089G1TKY8,J0096-KR-XXL,,
B08B3XTHQ1,JNE3476-KR-S,,
B094FKN9TM,JNE3690-TU-M,,
B08CMXXV2J,J0013-SKD-XS,,
B08P1DJ2RT,SET227-KR-PP-A-L,,
B0983CWQDP,SET272-KR-PP-S,,
B099NM2DMY,J0349-SET-XS,,
B0982Z25ZX,J0212-DR-XXXL,,
B09B57QMC1,SET290-KR-DPT-XS,,
B0983GD1BK,J0350-SET-XL,,
B0894YWSQN,J0002-SKD-M,,
B08QGLPKNK,J0283-SET-M,,
B089FZH54C,J0094-KR-XXL,,
B08YYVFT61,MEN5009-KR-XXL,,
B098312LNC,J0335-DR-XXXL,,
B092CZP2ZY,J0088-TP-XL,,
B08MYV6C3Y,SET203-KR-DPT-L,,
B0894WX8CC,J0012-SKD-S,,
B08CMG9FVB,J0013-SKD-L,,
B0894XW4QF,J0014-LCD-M,,
B07SMNWWG9,JNE3311-KR-XXXL,,
B099NMSHR7,JNE3738-KR-XL,,
B0925WFCYZ,J0240-SKD-S,,
B09K3XVSBJ,JNE3773-KR-M,,
B09K3S91KQ,JNE3776-KR-L,,
B08RJBQSMG,SET210-KR-PP-L,,
B09QJ5KF55,SET299-KR-PP-XXXL,,
B09QJ3YSPB,SET344-KR-NP-M,,
B09RK7N97N,JNE3870-DR-L,,
B08QGLBXXQ,J0277-SKD-XL,,
B09SDXSS2B,SET307-KR-DPT-XXXL,,
B08ZYPCX6Y,J0236-SKD-XXXL,,
B09K3S1BWQ,SET329-KR-NP-L,,
B0983G1KLL,J0346-SET-XL,,
B09RKCLMD1,SET302-KR-PP-M,,
B08MYNGSF7,J0124-TP-XXL,,
B08YYQRS7K,MEN5015-KR-XL,,
B08N197PDV,J0179-KR-L,,
B09RKF9X23,SET320-KR-NP-XXL,,
B08PVTPCZ3,J0106-KR-M,,
B08HHJRCQZ,JNE3482-KR-XL,,
B09NQ5TMFZ,JNE3793-KR-S,,
B0822V6P8L,SET171-KR-NP-XL,,
B09K3T29DG,JNE3785-KR-M,,
B08XVQM1LP,JNE3518-KR-L,,
B09NQ3P98W,SET331-KR-NP-XXL,,
B09KXSYRR3,J0251-SKD-XS,,
B0928YYHRK,BL110-XXL,,
B09KXVNX6D,J0252-SKD-S,,
B08YZ34ZT3,MEN5018-KR-L,,
B09K3C298K,SET386-KR-NP-XL,,
B09K3R6GYF,SET384-KR-NP-XL,,
B0894XR5B6,J0009-SKD-XXL,,
B08YZ13V5N,MEN5032-KR-L,,
B08QGKHDCT,J0142-KR-XL,,
B09SDY4TFG,JNE3879-DR-XXXL,,
B08B3ZCRC5,SET183-KR-DH-XL,,
B09Q18LD8D,SET342-KR-NP-N-S,,
B09TH37FXC,SET363-KR-NP-XXXL,,
B0925WM8Z6,J0244-SKD-L,,
B09PBWXJKQ,J0216-BL-L,,
B09QJMMRRB,SET365-KR-NP-M,,
B089G11B4C,J0094-KR-XL,,
B09K3SHVLV,SET329-KR-NP-S,,
B08W8DBX54,SET246-KR-PP-XXXL,,
B09RKC7DPC,JNE3836-KR-L,,
B09J1CRRY5,SAR068,,
B09K3FG237,SET328-KR-NP-S,,
B09QJ4VMB5,SET348-KR-NP-XXXL,,
B08RDTTBPW,J0123-TP-XXL,,
B099NP6XSG,JNE3757-KR-S,,
B09434ZD32,JNE3658-TP-M,,
B09SDYBW5P,JNE3799-KR-XXL,,
B08TGN7N1L,JNE3607-KR-M,,
B09RKCLC67,SET359-KR-NP-XL,,
B0982ZPB81,J0338-DR-M,,
B08TZZYJBH,J0192-TP-XL,,
B0894YNXQ3,J0002-SKD-XXL,,
B077MFFX2S,JNE2014-KR-178-S,,
B07BL1ZXD9,JNE2205-KR-467-A-S,,
B0983CKVZ6,SET248-KR-NP-M,,
B094FH9CCW,JNE3689-TU-XXL,,
B099NJKQP6,SET291-KR-PP-XS,,
B09C8865YV,J0084-TP-M,,
B0965MJSFS,J0204-TP-M,,
B09RKCM347,JNE3836-KR-M,,
B09RKDBGFT,SET350-KR-NP-XXXL,,
B09RKF7PZB,SET408-KR-NP-XXXL,,
B09PN5228H,SET295-KR-NP-S,,
B09J1BWRP7,SAR066,,
B08W9N6WP1,SET194-KR-NP-L,,
B09K3XK9ZZ,JNE3781-KR-L,,
B09NDKN86H,SET374-KR-NP-XXL,,
B083ZZD62Q,JNE3396-KR-XXL,,
B09RKF39J1,SET408-KR-NP-M,,
B08W8K3QX6,SET194-KR-NP-M,,
B07R487XRD,SET058-KR-NP-L,,
B09K43MP8R,J0369-SKD-XS,,
B0943DKGXG,JNE3675-TU-XXXL,,
B08B3YW2S6,SET219-KR-PP-XL,,
B0986XMWXH,J0337-TP-M,,
B09RMM1J1L,JNE3864-TU-XL,,
B08HK4X96H,JNE3546-KR-XXL,,
B0922T8X6N,NW002-TP-PJ-M,,
B09K3T5QR5,JNE3764-KR-L,,
B09KXNWXZR,J0328-KR-L,,
B08YNRB2DW,SET264-KR-NP-S,,
B08MYMV9F8,J0122-TP-M,,
B098324ZKR,JNE3706-DR-XXXL,,
B0967N2JLF,J0208-DR-XXL,,
B09RKD6B6T,JNE3807-KR-S,,
B08RP77NWN,JNE3463-KR-XXL,,
B089G25H3F,J0092-SET-S,,
B081WZDHB3,JNE3439-KR-L,,
B0822TZ4S3,SET144-KR-NP-XXXL,,
B09811J9G9,J0354-KR-L,,
B09LTYN4SC,JNE3822-KR-XL,,
B08TH4MQD2,JNE3608-KR-L,,
B08ZH7C41R,JNE3645-TP-N-XXL,,
B09SDXPC2C,J0396-DR-XXXL,,
B09K3QJ389,SET328-KR-NP-XS,,
B098372DQY,JNE3707-DR-XXL,,
B09RKDYLRW,SET320-KR-NP-XS,,
B08TZP7QJF,SET239-KR-NP-M,,
B099S7SB4H,J0310-TP-XL,,
B081WWQQ98,JNE3421-KR-XXL,,
B09SDX13G7,JNE3798-KR-L,,
B099FCNK6T,JNE3759-KR-L,,
B09813QM29,JNE3724-KR-S,,
B07JK3ZSHN,JNE2307-KR-572-L,,
B089G113QH,J0033-KR-S,,
B09K3KZ12Y,SET325-KR-NP-XXXL,,
B079WWJS1D,JNE2170-KR-436-L,,
B09LM6GY71,J0332-DR-M,,
B09RKBG19J,JNE3811-KR-XS,,
B09LV24W3Z,JNE3819-KR-S,,
B09PBWK8QY,J0216-BL-XL,,
B09RKDK9P1,SET359-KR-NP-XXXL,,
B09RKFCS6B,SET413-KR-NP-L,,
B09NQ8JWYL,JNE3793-KR-XS,,
B09SDXSQ33,JNE3797-KR-XXL,,
B09RKF5R9S,SET355-KR-PP-L,,
B09HM9HC4T,JNE3794-KR-XL,,
B08BFBDPPL,JNE3531-KR-S,,
B094FLCKQN,JNE3690-TU-XXXL,,
B097ZZPVK6,JNE3602-KR-L,,
B09811C3GN,JNE3728-KR-L,,
B0986TGXF9,J0344-TP-XXL,,
B0986YNFRH,J0336-TP-XXL,,
B08B3ZCK7H,SET187-KR-DH-XXL,,
B09PCX7NT8,JNE3833-KR-XS,,
B0894X9QY9,J0006-SET-XXL,,
B09K3ZC3LK,JNE3804-KR-XL,,
B081WYLX3H,JNE3443-KR-XXL,,
B09812CBY7,JNE3698-KR-M,,
B09RMZQP28,JNE3864-TU-M,,
B08N44NG72,J0118-TP-M,,
B09TY13BHC,J0414-DR-XXL,,
B099FC46Q8,JNE3721-KR-S,,
B09QJ48KSN,SET393-KR-NP-XXL,,
B089G1KH7Z,J0074-TP-L,,
B09TH6LGG9,JNE3878-KR-L,,
B07SZSYB81,JNE3366-KR-1053-XXL,,
B09B2BB99M,JNE3439-KR-XXXL,,
B08W1HFQLX,JNE3621-KR-XL,,
B08MXBV2WG,JNE3549-KR-XXL,,
B09B29T54B,JNE3435-KR-XXXL,,
B097ZZHW66,JNE3636-KR-M,,
B08QGKLWXC,J0282-SET-XS,,
B09KXV8PXG,SET389-KR-NP-XS,,
B09VC4TPX8,JNE3881-DR-M,,
B09RKD4R6C,JNE3810-KR-XL,,
B07V5WFLND,SET073-KR-SHA-S,,
B0983D28F9,SET269-KR-NP-M,,
B09TH9HS5R,SET363-KR-NP-XS,,
B09NQ49RYV,J0250-SKD-XXXL,,
B099NQCF6Y,J0295-DR-XS,,
B07WW51DFC,JNE3364-KR-1051-A-XXL,,
B07WP5GQKV,JNE3365-KR-1052-A-L,,
B09K3T9RQV,JNE3778-KR-XXL,,
B099NQLDSS,NW016-ST-SR-M,,
B082W891VJ,JNE3404-KR-XL,,
B08N4DK8X5,JNE3605-KR-XL,,
B094346FB7,JNE3658-TP-L,,
B09SDXXQ3B,JNE3813-KR-XXL,,
B099NPYZL8,JNE3762-KR-L,,
B099NKPB1R,JNE3741-KR-L,,
B091Q9FQ4B,JNE3620-KR-M,,
B09831KKVG,J0338-DR-XXL,,
B07D31NRQ2,BL053-153GOLD-A,,
B08WJ1VNCH,J0234-SKD-XXXL,,
B09PBVS95G,J0216-BL-M,,
B082W878X1,JNE3398-KR-XS,,
B09K3LL5SD,SET386-KR-NP-XXL,,
B08YYZWV9C,MEN5009-KR-XXXL,,
B08YYZCTJX,MEN5002-KR-XL,,
B08MXC65V6,SET220-KR-PP-S,,
B08B3YPTVR,SET219-KR-PP-XS,,
B0943KY23M,JNE3672-TU-XXL,,
B09K3XTK9M,JNE3781-KR-XXL,,
B08YYSXVCG,MEN5015-KR-XXL,,
B08BJRCFNM,J0104-KR-XS,,
B09SDYXC9W,J0395-DR-M,,
B08YYRKNC7,MEN5027-KR-L,,
B08RYQNCQ1,J0119-TP-M,,
B08YYTHKY5,MEN5022-KR-XXXL,,
B09VC6KHX8,SET401-KR-NP-M,,
B09NDK8FFH,SET323-KR-NP-M,,
B09M6X6C6T,SET288-KR-NP-M,,
B09RKCMN1K,SET395-KR-NP-M,,
B09J555F7G,JNE1000-NAVY-SR-JB6102RMV-K,,
B09K3X5C1Y,JNE3773-KR-XS,,
B09LTZSL1K,JNE3818-KR-XXXL,,
B09PDG9M5J,JNE3833-KR-XXXL,,
B091SXNPZB,JNE3709-DR-XXXL,,
B09TZVY27D,SET377-KR-NP-XXXL,,
B08HK3TD6M,JNE3545-KR-S,,
B082W8LKR6,JNE3408-KR-XL,,
B099NS6BTY,J0308-DR-S,,
B082W8DNQX,JNE3399-KR-XS,,
B08WJ1TRNB,J0232-SKD-XL,,
B0982ZRVSC,J0338-DR-XS,,
B09KXMK44R,JNE3790-KR-XL,,
B09KXSLXWG,JNE3775-KR-XL,,
B08MYTY6B9,JNE3606-KR-XXL,,
B099NJBTB9,SET287-KR-NP-XXL,,
B08QGPSWX8,SET243-KR-PP-XXL,,
B07JKYXKBJ,JNE3030-KR-XXXL,,
B08L93NGJW,SET201-KR-NP-A-XXXL,,
B089G1JQCK,J0041-SET-S,,
B0983G9Z9T,SET281-KR-PP-XXL,,
B09PN32VNJ,SET295-KR-NP-L,,
B099NHW17F,SET286-KR-NP-XS,,
B092CZZLRQ,J0098-TP-S,,
B092919Y3V,BL109-L,,
B099FCRSPN,JNE3740-KR-XXL,,
B0982ZRDSY,J0339-DR-XXL,,
B0943J4SL3,JNE3679-TU-L,,
B0982YHS8Y,J0209-DR-M,,
B098133PV7,JNE3614-KR-L,,
B077Z4Z4F7,BL013-62BLACK,,
B07GRSCXCP,JNE2305-KR-533-L,,
B075ZTMFJX,JNE2058-KR-339-L,,
B07XJ15Q1S,JNE3311-KR-A-XS,,
B07GRRLW2H,JNE2305-KR-533-XXL,,
B077Z2H3PS,BL020-71RED,,
B09VC5F9KB,SET402-KR-NP-M,,
B091Y9VMNP,J0185-DR-S,,
B07H7CRJZ4,JNE3068-KR-A-M,,
B09TH7MBHL,SET394-KR-NP-S,,
B09SDYC9GD,SET307-KR-DPT-S,,
B09KXV8QQB,SET316-KR-DPT-S,,
B09K3LRS3Z,JNE3782-KR-S,,
B0982YWMSG,J0210-DR-S,,
B083ZZ3996,JNE3396-KR-L,,
B091Q9FDFP,JNE3615-KR-L,,
B08ZJ56M9M,JNE3712-TP-N-L,,
B07R41MNN3,JNE3270-KR-L,,
B07JKYX5RL,JNE3042-KR-M,,
B0928YL1L6,NW031-TP-PJ-M,,
B089B15WD1,SET143-KR-PP-XXL,,
B0983GKFV1,SET275-KR-NP-S,,
B081X4S825,JNE3368-KR-L,,
B09K3QNWTJ,JNE3769-KR-XXL,,
B09PN4P12Y,SET327-KR-DPT-L,,
B09KXW47QT,J0217-BL-S,,
B098114DVZ,JNE3694-KR-L,,
B09HNR7D1D,JNE3726-KR-L,,
B08MXCWL6Z,JNE3566-KR-XL,,
B09K3TFLPY,JNE3777-KR-L,,
B08W9Z3BJF,JNE3522-KR-XL,,
B09K3N11KK,SET383-KR-NP-S,,
B09RKDCBKR,SET359-KR-NP-S,,
B09NDLZF7K,SET323-KR-NP-XXXL,,
B09M6TZJYC,J0382-SKD-M,,
B0899Z4589,SET217-KR-PP-S,,
B07R4ZW67L,JNE3288-KR-XXXL,,
B09K3T318L,JNE3785-KR-L,,
B08B414Z8Y,SET219-KR-PP-M,,
B09K3SZZD8,JNE3749-KR-S,,
B08CN3P4HX,J0013-SKD-XXXL,,
B09K3RLTSZ,J0372-SKD-S,,
B0986YD8K8,J0198-TP-XL,,
B07WW89977,JNE3364-KR-1051-A-XXXL,,
B0981152GP,JNE3634-KR-L,,
B08YYZQ9VQ,MEN5013-KR-M,,
B09K3RCVR5,JNE3796-KR-XL,,
B099FCQ7C6,JNE3704-KR-M,,
B09NDLRSXQ,SET343-KR-NP-XL,,
B091GMNVTW,CH206-GREEN-XXL,,
B091GP6N1J,CH205-YELLOW-XXL,,
B09TZW311V,SET377-KR-NP-XL,,
B09Y35J4FQ,SAR173,,
B099FD7355,JNE3704-KR-S,,
B078Q2PWX9,JNE2100-KR-144-S,,
B09SDY68JK,JNE3801-KR-S,,
B09QJ4BF2X,SET361-KR-NP-XS,,
B08B3YTPVS,JNE3476-KR-M,,
B09KXQ119C,JNE3775-KR-XXXL,,
B08B3Z4D1M,JNE3523-KR-XXL,,
B09HMSF1D3,JNE3795-KR-M,,
B09BQLP9G2,SET266-KR-NP-M,,
B09TH7F1QB,SET396-KR-PP-XS,,
B082W896SR,JNE3336-KR-M,,
B0986XV4QN,J0337-TP-XL,,
B081X3CP46,JNE3391-KR-S,,
B091Q86HCQ,JNE3620-KR-XS,,
B09RKF2T1G,J0224-SKD-XL,,
B08HK4HPH5,J0055-SET-XS,,
B099NK74F7,SET286-KR-NP-L,,
B089G1PFFK,J0034-SET-L,,
B08XNJ941W,J0233-SKD-L,,
B09TH6T8FV,SET396-KR-PP-L,,
B0983DZ1LQ,SET258-KR-PP-L,,
B09QJ48G25,SET344-KR-NP-XXL,,
B099NR9M9V,NW037-TP-SR-XXL,,
B08ZHQJHSQ,JNE3648-TP-N-L,,
B08KRZQWTH,JNE3431-KR-XXL,,
B08B3YXQJ2,J0011-LCD-S,,
B08ZYPQ3XV,J0236-SKD-XL,,
B09KXNZ3X4,J0373-KR-XL,,
B082W89PR5,JNE3401-KR-XS,,
B09B2FD7XV,JNE3560-KR-XS,,
B0743G8MB8,JNE1525-KR-UDF19-A-L,,
B0925VJFP1,J0244-SKD-S,,
B09M76WLGL,NW039-TP-SR-S,,
B09M75K39B,NW039-TP-SR-L,,
B091SSMCXS,SET251-KR-PP-S,,
B077Z5QTGN,BL021-71BLACK,,
B09QJ577FG,SET366-KR-NP-S,,
B09RKC6YGB,JNE3837-KR-S,,
B08XNK6ZWP,J0233-SKD-M,,
B08B3YV8GQ,SET219-KR-PP-L,,
B0983D64M1,SET277-KR-NP-L,,
B09RKDZHN2,SET359-KR-NP-M,,
B08QGLBQGM,J0167-KR-L,,
B08QGKNC21,J0280-SKD-M,,
B09VC5Z5Z7,SET402-KR-NP-XXXL,,
B08QGL84L9,J0135-SET-XS,,
B085GB379T,BL103-S,,
B07BL24MXX,JNE2205-KR-467-A-XXL,,
B09KXTZM7P,SET353-KR-NP-L,,
B0943N6JL2,JNE3670-TU-XS,,
B08RP1WNB2,JNE3463-KR-S,,
B0967P5TP9,J0207-DR-XL,,
B09K3TMQSK,JNE3802-KR-S,,
B09K3KGJ8S,SET385-KR-NP-XXXL,,
B09RKDMS1M,SET390-KR-NP-XL,,
B07MY58Z7B,BTM002-S,,
B08TH9WKX7,SET252-KR-PP-XXL,,
B099NRSBJJ,NW024-TP-PJ-XL,,
B08YYZ8RTQ,MEN5008-KR-XL,,
B09RMP3PSZ,JNE3863-TU-XL,,
B09K3S83SC,SET305-KR-DPT-M,,
B07ZYSFZ4M,JNE3348-KR-L,,
B0925X12DQ,J0239-SKD-XXXL,,
B08ZHQL89M,JNE3713-TP-N-XS,,
B08QGQK6ZR,J0181-TP-XXXL,,
B09RKDXXC4,SET392-KR-NP-XXXL,,
B099WXZ2R9,SET209-KR-PP-XXL,,
B08QGRCSPB,J0164-DR-XL,,
B09NQ6922Q,J0250-SKD-XS,,
B09KXT9J6D,J0252-SKD-XS,,
B0928ZDZ1X,NW031-TP-PJ-XXL,,
B07R5XKXL4,JNE3291-KR-XXXL,,
B084KLHMJF,JNE3384-KR-L,,
B084KJS373,JNE3384-KR-XXL,,
B0893DJL8B,JNE3407-KR-L,,
B09BQ7LLTY,JNE3722-KR-S,,
B09LTZHFH4,JNE3818-KR-S,,
B08PCTRGGR,JNE3560-KR-S,,
B08V151HB2,J0184-KR-A-S,,
B08YZ175BR,MEN5004-KR-S,,
B08QGKQBNC,J0167-KR-XL,,
B093ZRG4WS,JNE3702-KR-XL,,
B08YYTWZSV,MEN5017-KR-M,,
B08ZYP5VBV,J0236-SKD-M,,
B0894YPTQT,J0004-SKD-M,,
B094FGPTXH,J0196-TP-XXXL,,
B0983BXS78,SET275-KR-NP-XXXL,,
B08BFK8NHL,JNE3459-KR-M,,
B07MY1GQHY,JNE3225-KR-M,,
B0983946VC,JNE3707-DR-XXXL,,
B08QGN9YCG,SET243-KR-PP-XS,,
B0965K6QBX,J0197-TP-XXXL,,
B0845QD2FD,BTM027-NP-L,,
B094FNM537,SET273-KR-NP-XS,,
B074X9FDR3,JNE1998-KR-311-L,,
B08YYPMZ67,MEN5027-KR-M,,
B0894XR7QJ,J0007-SKD-S,,
B0983G4P9Y,J0346-SET-XXXL,,
B074SN4P8D,JNE1977-KR-237-S,,
B085GBWXRD,BL104-L,,
B0982ZB89B,J0335-DR-XS,,
B09M74YV58,NW034-TP-PJ-L,,
B08KRKSFTS,SET188-KR-NP-XXL,,
B082Z4396S,SET155-KR-PP-XS,,
B099S91D2B,JNE3688-TU-XL,,
B09KXTQJW3,SET300-KR-NP-XXL,,
B09KXTLDMG,SET351-KR-NP-XXL,,
B08W9LL6J6,JNE3470-KR-XXXL,,
B0925XX478,J0245-SKD-L,,
B091Z7HDNS,J0186-SET-XXL,,
B09K3T3Y5T,JNE3749-KR-XS,,
B09K415WZ1,JNE3805-KR-XS,,
B09QJ4FNCN,SET349-KR-NP-XXXL,,
B08L947VKW,SET201-KR-NP-A-S,,
B09VZ6881G,SAR152,,
B08ZHZP9B5,JNE3640-TP-N-L,,
B085NYG5CR,SET182-KR-DH-M,,
B09NDCQM14,SAR135,,
B09NDD6F7W,SAR137,,
B078Q3XW5H,JNE2100-KR-144-XXL,,
B09KXVG37D,SET319-KR-NP-M,,
B0845Q7QTZ,BTM030-NP-M,,
B08MXCK1Q2,JNE3556-KR-XL,,
B08QGKP8XG,J0284-SKD-XXXL,,
B09KXVP5MK,SET353-KR-NP-M,,
B0983D6G5X,SET276-KR-PP-XXXL,,
B08W8NT42N,SET246-KR-PP-XL,,
B098717ZBD,JNE3691-TU-XS,,
B08WPWK6BF,JNE3506-KR-XS,,
B08YYWG6VJ,MEN5024-KR-XXL,,
B091XPLK72,J0139-KR-S,,
B09RSS48QG,SET376-KR-NP-XS,,
B0926WH17C,J0080-TP-S,,
B09RKCK42L,JNE3810-KR-M,,
B08QGNTFL2,SET229-KR-PP-M,,
B099S74N69,JNE3708-TU-XXL,,
B08N4DYZDG,J0176-TP-XXXL,,
B08YYYQXBM,MEN5011-KR-XXXL,,
B08N19JM43,J0132-KR-XL,,
B091T25NQG,JNE3710-DR-M,,
B09RKDH9X6,SET317-KR-PP-M,,
B09KXPQ1PP,JNE3789-KR-S,,
B09RK65QV5,JNE3869-DR-XL,,
B0822STS8T,SET159-KR-NP-XS,,
B09G2RVXNZ,NW027-TP-PJ-S,,
B09K3KFLB8,SET385-KR-NP-XS,,
B07T62PKNM,JNE3363-KR-1032-XXL,,
B09BQDLN22,JNE3722-KR-XL,,
B09SDX82TT,J0396-DR-XL,,
B097ZYJGLT,JNE3698-KR-XXL,,
B08YZ1SZZS,MEN5008-KR-XXXL,,
B07JLD2SKN,JNE3042-KR-S,,
B099NRSX6D,J0295-DR-L,,
B09LTZKSVQ,JNE3817-KR-XS,,
B09Q3J655Y,JNE3835-KR-S,,
B07JL3S25P,JNE3030-KR-XXL,,
B09RKD6B6Y,JNE3806-KR-XXL,,
B09QJ4YB1F,SET393-KR-NP-M,,
B0822VTWZS,SET145-KR-NP-XS,,
B091T18F3W,JNE3710-DR-XXXL,,
B08YYTSKB4,MEN5003-KR-L,,
B08N496F6B,J0189-TP-XXXL,,
B08QGMYV8L,J0281-SKD-XL,,
B09SDZ7T2T,J0400-DR-XS,,
B099FD92JM,JNE3704-KR-XS,,
B09872C4H6,JNE3744-TU-XL,,
B0965L16LS,J0197-TP-L,,
B099NLD5FQ,NW020-ST-SR-XXL,,
B099FDK6ZZ,JNE3637-KR-XL,,
B09K3YL25M,JNE3782-KR-XXXL,,
B08YYWG825,MEN5007-KR-XL,,
B091Z6ZXDF,J0130-SET-S,,
B08QGP2JMT,J0280-SKD-XL,,
B09K3W9D6V,JNE3804-KR-XXL,,
B099NQKVD6,NW016-ST-SR-S,,
B099NRKGV5,J0295-DR-S,,
B08N4TGTRV,J0117-TP-M,,
B09SDXPHNC,JNE3800-KR-XS,,
B09TH2YML8,JNE3797-KR-A-XXXL,,
B09KXTBMSL,J0247-SKD-XS,,
B08HK3SLGX,JNE3471-KR-L,,
B08MYV71FG,JNE3479-KR-L,,
B08QGL34CQ,J0284-SKD-S,,
B08MXGHWXZ,SET223-KR-NP-S,,
B09RN4Y74G,JNE3863-TU-XXL,,
B09TZQYZ11,JNE3892-TP-XXL,,
B09KXWXDC9,J0251-SKD-XXL,,
B0965K9NXT,J0213-TP-XXL,,
B08QGMTZHX,SET229-KR-PP-XXL,,
B07GRQVB2G,JNE2305-KR-533-XL,,
B099S8TJ3L,J0342-TP-XXXL,,
B099S7RVXG,J0301-TP-S,,
B0965L5TLG,J0197-TP-S,,
B0925V5D6Q,J0245-SKD-XXL,,
B091XT968F,J0158-DR-S,,
B08YN9VTD5,J0237-SKD-XXXL,,
B09QJL4DYL,SET348-KR-NP-S,,
B08V1MGSY7,J0108-SKD-S,,
B091Q8GQLG,JNE3619-KR-L,,
B09KXVWFQX,J0220-BL-XL,,
B07SXRFR1M,SET038-KR-PP-M,,
B092995Z24,J0148-SET-M,,
B0986XTYKD,J0340-TP-S,,
B08YYZJH35,MEN5017-KR-S,,
B09811Q5NS,JNE3634-KR-S,,
B092D3276L,J0090-TP-S,,
B08V17X8LC,J0108-SKD-XXXL,,
B08YYTKXNX,MEN5025-KR-S,,
B09BQHDRFZ,JNE3722-KR-M,,
B09RK9FZ47,JNE3869-DR-XS,,
B08YZ5FNX5,MEN5023-KR-XXXL,,
B09RKDQ8F1,SET378-KR-NP-XL,,
B08B3Y3VHQ,J0005-DR-L,,
B09B55BHQV,J0291-JS-S,,
B08QGNCNNJ,J0285-SKD-XXXL,,
B09K3VLZDG,JNE3783-KR-XXXL,,
B09KXY2SLN,J0215-BL-S,,
B0943JB1NC,JNE3678-TU-XXXL,,
B07T1XDM5P,JNE3363-KR-1032-XXXL,,
B08MXBNWY7,JNE3575-KR-S,,
B09SDYJ5ZW,JNE3801-KR-XS,,
B08YZ19JXH,MEN5026-KR-XL,,
B0982ZYH1C,J0157-DR-XXXL,,
B09KXNTMQZ,J0328-KR-XXL,,
B09Q3HTDF5,JNE3835-KR-L,,
B08QGL3XH4,JNE3553-KR-L,,
B07WZFSS28,SET128-KR-DH-L,,
B08VS2KG46,J0100-DR-XXL,,
B09K43LTKW,JNE3764-KR-XXL,,
B07R52578F,JNE3291-KR-M,,
B08N1BFLWX,J0179-KR-XXL,,
B01N29JK0G,JNE1525-KR-UDF19BLACK-XXL,,
B0928VJC2R,NW013-ST-SR-S,,
B084KHRNKJ,JNE3384-KR-XS,,
B084KJFN62,JNE3384-KR-XXXL,,
B098136DNF,JNE3697-KR-M,,
B09QJ35SR5,SET405-KR-NP-S,,
B0894XC9DQ,J0007-SKD-L,,
B08V1618SF,J0108-SKD-XXL,,
B091Y2Q4LS,J0158-DR-XXL,,
B09RKFFXVC,SET355-KR-PP-XL,,
B08XVM1XQJ,JNE3635-KR-XL,,
B08L92JJ3B,SET201-KR-NP-A-L,,
B09KXXLQK3,J0215-BL-M,,
B0922RKG6S,NW029-ST-SR-XS,,
B08QGHLMQZ,JNE3579-KR-S,,
B089G235VW,J0041-SET-XXL,,
B0965JCKF8,J0201-TP-XXXL,,
B0899ZXMB7,SET217-KR-PP-XS,,
B09SDZCCG3,JNE3880-DR-M,,
B0894Y1W9Q,J0012-SKD-XXXL,,
B09NPXRTKD,SET341-KR-NP-XXXL,,
B08BJRFKHF,J0097-KR-XXL,,
B09K3WRXNX,SET384-KR-NP-XXXL,,
B09KXTJKKG,SET389-KR-NP-L,,
B09HMG2TL9,JNE3794-KR-S,,
B099FBYR3B,JNE3716-KR-XS,,
B099NMFWBG,JNE3758-KR-S,,
B08V1Q3GBY,J0109-SKD-L,,
B09PBWM6Y7,J0219-BL-L,,
B08YZ24516,MEN5009-KR-L,,
B08YZ1GX7H,MEN5028-KR-L,,
B08YYVN6WH,MEN5015-KR-L,,
B09831N6TV,J0339-DR-XXXL,,
B0793RM1S9,JNE2113-KR-381-XXL,,
B09KXP1F12,JNE3733-KR-XS,,
B09TZV58PW,SET377-KR-NP-XS,,
B0922VBTXT,NW032-ST-CP-XL,,
B08PCM4CDX,JNE3488-KR-S,,
B09TZY9XYL,JNE3866-KR-XXL,,
B0986XVY18,J0344-TP-XS,,
B07WT55S56,JNE3364-KR-1051-A-XL,,
B0983CBSJ3,SET269-KR-NP-XL,,
B09K3Q4421,SET384-KR-NP-XXL,,
B08QGKXGSQ,J0281-SKD-XXXL,,
B07R7B4VXN,SET058-KR-NP-XXXL,,
B09QJ428KY,SET380-KR-NP-XS,,
B084L1W34B,JNE3413-KR-XL,,
B072F5MVHT,JNE1951-KR-155-S,,
B099NK2WLQ,SET287-KR-NP-XS,,
B07HWMGKPX,JNE3065-KR-M,,
B0845QLDCS,BTM029-NP-M,,
B0845Z8L1L,BTM031-NP-M,,
B09SDY6ZXQ,J0401-DR-XXL,,
B082W7DFR9,JNE3373-KR-S,,
B09QJ3XPJ8,SET405-KR-NP-XL,,
B08YYZZ32H,MEN5007-KR-XXL,,
B08RYPBDD4,JNE3603-KR-L,,
B09VZDQ79H,J0024-KR-XL,,
B09811991Q,JNE3694-KR-M,,
B01M19H5E3,JNE1234-MULTI-KR-032-L,,
B091YGV68T,J0081-DR-XL,,
B09833VFKC,J0212-DR-XL,,
B09811DF4K,JNE3698-KR-XL,,
B091XV892C,J0158-DR-L,,
B09TZV2J9G,SET377-KR-NP-S,,
B099NQVSXH,J0295-DR-XL,,
B07JPDM21K,SET004-KR-SP-S,,
B01N184HBX,JNE1525-KR-UDF19BLACK-S,,
B09CT4LSM3,SET279-LC-XXL,,
B099S7FRW2,J0307-TP-XXXL,,
B09K3SRM1G,SET384-KR-NP-S,,
B09832FD39,JNE3706-DR-XL,,
B08W2C46RD,JNE3609-KR-M,,
B09B57J3FT,SET290-KR-DPT-XXXL,,
B08W9TG74X,JNE3484-KR-S,,
B07P9YFX7L,JNE3255-KR-S,,
B0925VPZTV,J0240-SKD-XL,,
B08PVRM2CF,J0106-KR-L,,
B099NNRTTL,JNE3761-KR-L,,
B08ZH99ND2,JNE3659-TP-N-M,,
B09RK63SGY,JNE3869-DR-L,,
B0922S6GWB,NW001-TP-PJ-L,,
B09QJ4D499,SET365-KR-NP-XS,,
B09B5976XV,SET290-KR-DPT-S,,
B09LM786LJ,J0332-DR-S,,
B07P64K41L,SET043-KR-NP-S,,
B07MY3KRFZ,SET048-KR-NP-S,,
B085HPJWKG,JNE3437-KR-XS,,
B099S9DRFV,J0301-TP-XS,,
B085CDVJQK,BTM032-NP-S,,
B09KXT1W6B,SET351-KR-NP-XXXL,,
B09NDMP4XK,SET374-KR-NP-XL,,
B09NPWD7J2,SET341-KR-NP-XXL,,
B098117P6L,JNE3728-KR-XL,,
B0929B5FX5,J0148-SET-L,,
B08HK6YSWK,JNE3452-KR-L,,
B08461YHP4,BTM030-NP-XXL,,
B097ZZNTK2,JNE3504-KR-L,,
B09SDYTSFK,J0396-DR-L,,
B08PVRL2SR,J0105-KR-M,,
B08PVT3Z43,J0105-KR-L,,
B082W83K7S,JNE3376-KR-XXL,,
B08ZJ98WXH,JNE3648-TP-N-XXL,,
B08KRWPXML,BTM036-PP-L,,
B0922SDND3,NW009-ST-CP-XXL,,
B08YYSPGH6,MEN5013-KR-XL,,
B0982YMQK6,J0333-DR-L,,
B07R41N7P1,JNE3273-KR-XXXL,,
B07R59TDM1,SET058-KR-NP-XL,,
B09K3XLV91,JNE3777-KR-XXXL,,
B08B3ZF882,SET218-KR-NP-XXL,,
B08MYTB92L,SET232-KR-PP-XL,,
B0893DVKH6,JNE3407-KR-XL,,
B084KTCL3P,JNE3384-KR-XL,,
B09811F4VX,JNE3694-KR-XL,,
B07JK3ZRW3,JNE3042-KR-L,,
B08QGL2FCR,J0277-SKD-S,,
B08N1CR6GS,J0150-KR-XXL,,
B08KRH37G8,BTM037-PP-XXXL,,
B09HMVC7D1,SET233-KR-PP-XS,,
B09KXN8WLP,JNE3751-KR-XL,,
B08ZHZWF2N,JNE3659-TP-N-XL,,
B08ZJ9JRZT,JNE3712-TP-N-XL,,
B08MYV5N2Z,JNE3563-KR-L,,
B08MYMV9P8,J0124-TP-M,,
B09KXY66L3,J0220-BL-M,,
B08QGMRCHW,J0135-SET-S,,
B09DY9L1V4,J0347-SET-XXXL,,
B09KXTVXM9,SET389-KR-NP-XXL,,
B07R529SS6,JNE3270-KR-M,,
B07MY3X5CK,SET053-KR-NP-XXL,,
B08YZ1L831,MEN5023-KR-L,,
B08YYTH3BJ,MEN5019-KR-XXL,,
B09SDY6GTV,J0395-DR-L,,
B07SSGLKG3,SET038-KR-PP-S,,
B0982Z4W2G,J0338-DR-S,,
B09NQ5JDF3,J0250-SKD-XL,,
B099S6QX1R,J0307-TP-M,,
B08394F9H1,BL101-M,,
B09B2G4KQF,JNE3546-KR-XS,,
B09KXR7F3X,JNE3751-KR-XS,,
B08HK65T65,JNE3482-KR-S,,
B09SDYBW5R,JNE3861-DR-XXXL,,
B08P1FKNWF,SET228-KR-PP-A-XXL,,
B09HM2DMSZ,JNE3730-KR-XXL,,
B09NPWMVFT,SET341-KR-NP-S,,
B07MY56BB3,BTM002-XL,,
B0894XVZLM,J0004-SKD-XXL,,
B08MXFNM51,SET224-KR-NP-XL,,
B09W644VYK,SET400-KR-NP-L,,
B09NPX14Y5,SET341-KR-NP-XS,,
B08QGMPRVV,J0127-SKD-XS,,
B093ZS1FTT,JNE3702-KR-L,,
B091YHGQST,J0086-DR-XS,,
B0929CTSR8,J0148-SET-XL,,
B08QGP2V4V,J0278-SET-M,,
B092D2MRVZ,J0088-TP-XXXL,,
B09QJLY37M,SET358-KR-NP-M,,
B092D2FHMK,J0082-TP-XXL,,
B099S7FHCF,J0292-TP-XXL,,
B09M77BM4P,NW039-TP-SR-XS,,
B09K355F91,SET305-KR-DPT-XS,,
B09TZXJNWX,JNE3885-KR-S,,
B099FC6GFT,JNE3637-KR-S,,
B081WZC8X6,JNE3387-KR-M,,
B08ZJ63CZL,JNE3643-TP-N-S,,
B08C32NPJD,J0073-KR-M,,
B08C32FVVH,J0072-KR-M,,
B089G1HP9K,J0026-KR-S,,
B08QGKK49Z,J0127-SKD-S,,
B07X3KK49C,SET103-KR-SP-S,,
B08W8GC7XL,SET260-KR-PP-S,,
B09K3X7CRR,JNE3804-KR-L,,
B099FBRC7Q,JNE3720-KR-XXL,,
B08WHPWSHX,SET244-KR-NP-S,,
B099S8VPY8,JNE3708-TU-XL,,
B0982ZNP24,J0212-DR-M,,
B09Y3CBT63,JNE3862-TU-M,,
B09HMJJW4L,JNE3543-KR-XXXL,,
B09HMX6W7S,SET227-KR-PP-A-XXXL,,
B09HMTJVHG,SET227-KR-PP-A-XS,,
B08YYZ1RYT,MEN5023-KR-XXL,,
B07SZSZHCN,JNE3365-KR-1052-XL,,
B09QJ2HM91,SET405-KR-NP-XXL,,
B09KXXNGLB,J0217-BL-XXL,,
B0981196JL,JNE3695-KR-M,,
B09TZTZ58D,JNE3865-TP-XXL,,
B08N1C13CJ,J0179-KR-M,,
B08YYRFFGY,MEN5017-KR-XL,,
B081X513P3,JNE3439-KR-S,,
B07MY2YYN9,SET037-KR-NP-XL,,
B091YNCY8B,J0139-KR-L,,
B08LDKJH84,JNE3474-KR-E-XS,,
B09RKCZZG2,J0224-SKD-M,,
B08ZHH8P8R,JNE3668-TP-N-S,,
B0986Z551L,JNE3655-TP-S,,
B09QJLXY4T,SET360-KR-NP-XS,,
B0983F9F2N,J0350-SET-XXL,,
B089G22BRS,J0041-SET-XXXL,,
B091XZYQG4,J0081-DR-M,,
B09NDLSGZM,SET323-KR-NP-S,,
B09K3PNR27,J0369-SKD-L,,
B09CT47S1K,SET282-KR-PP-L,,
B099P5P6Y2,J0306-DR-M,,
B09SDXWNPZ,JNE3800-KR-L,,
B098117TTK,JNE3602-KR-XXXL,,
B08BFN855F,JNE3457-KR-XXL,,
B08CMF24KH,J0095-SET-XS,,
B08N3XGCRH,J0190-TP-L,,
B08QGKKPJ4,J0284-SKD-L,,
B09LTZSNG1,JNE3818-KR-XL,,
B09K3BVR23,SET386-KR-NP-XS,,
B098731WQ8,J0336-TP-XL,,
B09VC68QLJ,SET401-KR-NP-XL,,
B09CTB2G4H,J0351-SET-XL,,
B09K3XXDMR,JNE3781-KR-XL,,
B09K3X5D97,JNE3805-KR-XXXL,,
B081WT2JNL,JNE3369-KR-M,,
B081WZ7M52,JNE3439-KR-XXL,,
B09SDYRP84,J0399-DR-XS,,
B08BJSJX3D,J0010-LCD-M,,
B09B2DXDQ2,JNE3576-KR-XS,,
B099NR21K6,NW020-ST-SR-L,,
B09SDXNN8P,J0402-DR-XL,,
B08ZHYVZGH,JNE3639-TP-N-S,,
B098121HFD,JNE3724-KR-L,,
B08W28FD2K,JNE3609-KR-L,,
B09K3XPRCK,JNE3804-KR-XXXL,,
B09KXT2VYT,SET319-KR-NP-XXL,,
B08QGN6D3M,J0277-SKD-L,,
B09J1BRZXC,SAR069,,
B09TH6TF19,JNE3838-KR-L,,
B08MYMMCXF,J0122-TP-XXL,,
B09435Y4V8,JNE3674-TU-XXL,,
B09KXRQQ72,JNE3775-KR-XS,,
B07RQSQSVY,JNE3296-KR-L,,
B082Z3G22M,SET138-KR-PP-XXL,,
B07GRSF1FC,JNE2305-KR-533-M,,
B09KXVM3XT,J0252-SKD-L,,
B07R52G8ZN,JNE3294-KR-M,,
B09RKBXN2Q,JNE3806-KR-S,,
B082Z39C5G,SET165-KR-PP-M,,
B08B3YB5D1,JNE3461-KR-S,,
B08QJMGR6K,JNE3578-KR-M,,
B091Q97MMC,JNE3615-KR-S,,
B09811GCYY,JNE3515-KR-M,,
B0986XYSRW,J0344-TP-S,,
B09QJ4QF63,SET349-KR-NP-M,,
B09K3XMMRB,JNE3753-KR-XXL,,
B08YYYVTNJ,MEN5010-KR-L,,
B0794XBGCZ,JNE2153-KR-278-A-XXL,,
B09SDXRYBG,JNE3797-KR-XL,,
B09836XGVQ,JNE3707-DR-S,,
B09RKDJX6S,SET408-KR-NP-XL,,
B07S3J1W8X,SET094-KR-NP-XL,,
B09SDY4TFK,JNE3860-DR-L,,
B09K3Z4GHN,SET385-KR-NP-L,,
B09RKCVWFR,SET375-KR-NP-M,,
B09SDYHHH9,J0401-DR-M,,
B07V2NT194,SET073-KR-SHA-L,,
B09K3ZC16X,JNE3773-KR-XXL,,
B08V19JZ2F,J0113-TP-M,,
B09B578BZP,SET247-KR-SHA-XL,,
B08W27CYXW,JNE3621-KR-XXL,,
B099F9P2B9,JNE3761-KR-M,,
B082W7WJCW,JNE3408-KR-XXXL,,
B099NPKT7D,JNE3716-KR-XXL,,
B085HSQZR8,SET135-KR-PP-XL,,
B08HK498TZ,J0062-DR-S,,
B08MXCFKT6,JNE3554-KR-XL,,
B09KXVY8HC,SET334-KR-NP-L,,
B098312LYF,JNE3706-DR-M,,
B08KRSK8BX,JNE3568-KR-XS,,
B09YNXZ3YX,J0389-TP-M,,
B08TZTCG89,J0108-SKD-M,,
B0965LB1LZ,J0203-TP-XS,,
B07T2Y34T2,JNE3365-KR-1052-L,,
B09RKF9RSW,SET333-KR-DPT-S,,
B09811KTCN,J0355-KR-S,,
B07861T529,BL009-61BLACK-B,,
B07141LX6Q,JNE1951-KR-155-XXL,,
B081X5TQ27,JNE3443-KR-XL,,
B0983G1FVV,SET281-KR-PP-XL,,
B08W9KVT13,JNE3486-KR-XL,,
B09TH6YPPJ,SET396-KR-PP-XL,,
B099NMJF1J,JNE3758-KR-XXL,,
B09B57XLKV,SET247-KR-SHA-M,,
B07NVBPLGL,BTM008-XL,,
B0845N4D5M,BTM029-NP-XL,,
B09PN41YXK,SET327-KR-DPT-M,,
B09CT76R4C,J0351-SET-XXL,,
B0983DYB2T,J0346-SET-XXL,,
B08QGKF6W4,J0280-SKD-L,,
B09NDKDH96,SET323-KR-NP-L,,
B09811VG73,J0353-KR-L,,
B0983LKQHS,JNE3610-KR-M,,
B09KXY16TS,SET337-KR-NP-XS,,
B09RKDTP7M,SET317-KR-PP-L,,
B0928X31BK,NW014-ST-SR-S,,
B07Q2MZ22Y,SET044-KR-NP-XS,,
B08N18V1JF,JNE3479-KR-M,,
B098124WJY,JNE3724-KR-M,,
B08N49XKCL,JNE3605-KR-XXXL,,
B08ZJ29M11,JNE3648-TP-N-XL,,
B099NQ72F7,JNE3762-KR-XL,,
B08RYP45X4,JNE3603-KR-XL,,
B07H7DCJVZ,JNE3068-KR-A-S,,
B08ZHX5NDS,JNE3660-TP-N-L,,
B09M6ZDZHR,J0382-SKD-XS,,
B09K3XZV4S,JNE3768-KR-S,,
B08QGJVVNJ,J0163-SKD-S,,
B09SDYMJZC,J0399-DR-L,,
B082Z3BS2J,SET165-KR-PP-XXL,,
B09K3VT822,SET328-KR-NP-XXXL,,
B09QJLSY9C,SET358-KR-NP-L,,
B092D2M2VS,J0111-TP-L,,
B07R589SVZ,SET083-KR-PP-XL,,
B09TY1K64X,J0415-DR-S,,
B082W82KQX,JNE3415-KR-XS,,
B082W8M4CZ,JNE3376-KR-L,,
B08ZHZ42JQ,JNE3644-TP-N-XL,,
B081X4MMK9,JNE3383-KR-A-XXL,,
B08B3YMS62,JNE3454-KR-XXL,,
B08QGLKJ94,J0277-SKD-XXXL,,
B0983DHX7M,SET254-KR-NP-M,,
B08B4TP9NR,SET186-KR-DH-M,,
B09QJ4TWHG,J0377-SKD-M,,
B08MXCP6LH,SET233-KR-PP-XL,,
B09M6W7DNY,J0254-SKD-XXXL,,
B092D33WVQ,J0090-TP-M,,
B08XQ8Q3CK,SET245-KR-NP-S,,
B08TZD6XYX,J0161-DR-S,,
B07K582DMT,JNE3042-KR-XXXL,,
B09TZS71GP,JNE3892-TP-XXXL,,
B08BFBXXHZ,JNE3451-KR-L,,
B091Q9FZ36,JNE3612-KR-L,,
B09KXR4JZC,JNE3790-KR-L,,
B081WYJ6CV,JNE3368-KR-S,,
B08QGMTF9T,J0277-SKD-XXL,,
B08HK4JSRK,JNE3471-KR-XL,,
B08W8BMPZT,SET194-KR-NP-XL,,
B099FD9VJ2,JNE3714-KR-XXXL,,
B09Q3HX312,JNE3816-KR-XS,,
B08WHWD23Z,J0234-SKD-XS,,
B08QGJ6WSL,JNE3579-KR-XS,,
B07BL1VXZW,JNE2205-KR-467-A-M,,
B08QGNJZRM,SET236-KR-PP-M,,
B099NJ8537,SET286-KR-NP-M,,
B08W9P5TV7,SET184-KR-PP-L,,
B09811G9GD,JNE3728-KR-S,,
B0925XD2Q6,J0239-SKD-XXL,,
B081XDD1NK,JNE3423-KR-S,,
B09K3JW9KT,SET325-KR-NP-M,,
B09QJKR216,SET360-KR-NP-L,,
B099NQ85GC,NW022-TP-PJ-XL,,
B08QGKLLZG,J0167-KR-XS,,
B09M6TQ9KT,J0381-SKD-XL,,
B0986ZLQJJ,JNE3655-TP-M,,
B089G32945,J0025-DR-M,,
B07T542WY1,JNE3363-KR-1032-XL,,
B082W8RWFV,JNE3466-KR-M,,
B08316Y4XF,JNE3427-KR-S,,
B06Y5CFQSQ,JNE1906-KR-031-L,,
B09NQ8GLM5,JNE3793-KR-XXL,,
B08MXB7SQP,JNE3549-KR-L,,
B098133MK4,JNE3638-KR-M,,
B09M6SV9SR,J0379-SKD-S,,
B091SPWM8L,SET251-KR-PP-M,,
B09M72H1BP,JNE3786-KR-M,,
B07MXZBFY5,JNE3225-KR-S,,
B09RKD2VCP,SET317-KR-PP-XL,,
B079WXNZ15,JNE2170-KR-436-S,,
B099NRDGQR,J0305-DR-XS,,
B08YZ1YKB4,MEN5029-KR-XXL,,
B08YYYB7PX,MEN5014-KR-XXL,,
B0983DCNY3,SET254-KR-NP-XXL,,
B09B2BL58F,JNE3434-KR-XS,,
B07K3R51CL,JNE3160-KR-G-L,,
B08N4XBFTB,J0189-TP-M,,
B08MXDBRK1,SET224-KR-NP-XS,,
B0967Q555L,J0207-DR-S,,
B097ZZFX7X,JNE3504-KR-XS,,
B08ZHDJTM5,JNE3651-TP-N-XL,,
B09LTZLTBK,JNE3735-KR-XS,,
B08N4WFDQ9,JNE3605-KR-M,,
B09QJ5XYT3,J0376-SKD-XS,,
B099NNT4RN,JNE3718-KR-XS,,
B08W8T2TDB,JNE3484-KR-M,,
B082W88C84,JNE3408-KR-XXL,,
B092D2K4VK,J0098-TP-XXXL,,
B0922SBJV1,NW002-TP-PJ-L,,
B08MYNFKXZ,J0124-TP-XL,,
B099PJ1WGQ,JNE3480-KR-XL,,
B082W7MNBH,JNE3432-KR-XL,,
B08LGD1VWG,JNE3516-KR-E-XL,,
B09265RNHH,J0243-DR-M,,
B09Q3HTXJG,JNE3835-KR-XXL,,
B07R4Y122H,JNE3288-KR-S,,
B099NM6DWL,JNE3716-KR-S,,
B07Q2RTSFB,SET044-KR-NP-M,,
B09RK67T5V,JNE3870-DR-M,,
B08N1B7QMP,J0150-KR-XXXL,,
B0822RTHVK,SET144-KR-NP-XS,,
B09TY27T5G,J0416-DR-XXL,,
B08W2JV979,JNE3627-KR-XL,,
B07FTGN97L,JNE1408-GREY-KR-UDF19-XXXL,,
B07R527W6G,JNE3288-KR-XS,,
B0894VM6TP,J0009-SKD-XXXL,,
B099NPFTLF,JNE3741-KR-S,,
B09K3X8KD7,JNE3804-KR-S,,
B09B2B3JJH,JNE3435-KR-XS,,
B082Z3YCRW,SET116-KR-NP-XS,,
B09SDXVF3V,J0397-DR-XL,,
B08MYTXTRW,JNE3606-KR-L,,
B089G1W8DS,J0039-SET-S,,
B08N4S2RQR,SET240-KR-PP-XS,,
B081WSQZ9C,JNE3422-KR-S,,
B0983DVCJS,SET276-KR-PP-XXL,,
B09G2THSJR,JNE3715-KR-XL,,
B08RNPK8FX,JNE3487-KR-XL,,
B091Y3YSKX,J0187-KR-XS,,
B0894X3VKQ,J0002-SKD-L,,
B09K3YYJP5,JNE3776-KR-XL,,
B08QGL7Y7Z,SET243-KR-PP-XL,,
B09B58MTF1,SET290-KR-DPT-XXL,,
B08CMMD2XK,J0013-SKD-S,,
B0922TXZG5,NW008-ST-CP-XS,,
B091YGZ995,J0081-DR-XXL,,
B09QJ4HQ1G,SET364-KR-NP-M,,
B09RKDXTMB,SET375-KR-NP-XXXL,,
B09K3VL6PP,J0370-SKD-XXXL,,
B08V1PYKH9,J0110-SKD-M,,
B09812Q1F2,JNE3504-KR-XXL,,
B08YYTNXN6,MEN5025-KR-XL,,
B091Q8YDPP,JNE3619-KR-XL,,
B07S9YSSP6,JNE3344-KR-L,,
B094FJRNF2,JNE3689-TU-XXXL,,
B098116JZS,J0354-KR-M,,
B094FJC1XS,JNE3689-TU-S,,
B08XQ9HMM5,SET249-KR-NP-M,,
B0986XVJQH,JNE3671-TU-XS,,
B0922T13R1,NW012-TP-PJ-S,,
B08N4RXHV6,SET240-KR-PP-XL,,
B09RMP7GCC,JNE3863-TU-M,,
B08BFMCZ18,JNE3459-KR-XS,,
B08YYYZMKB,MEN5004-KR-M,,
B089G1MSHB,J0092-SET-M,,
B09HMXWMRR,JNE3628-KR-XXXL,,
B09HMTLC5L,JNE3575-KR-XXXL,,
B08YYW2WZY,MEN5005-KR-XXL,,
B09KRVH8D4,JNE3736-KR-L,,
B08B3Z1D82,SET186-KR-DH-XS,,
B07R41RHRH,JNE3291-KR-S,,
B0986XVSJF,JNE3666-TP-XL,,
B099NMMMSY,JNE3717-KR-XL,,
B0845Y6G7K,BTM029-NP-XXL,,
B085Y4JSLR,BTM021-B-XXL,,
B08YYVC3WB,MEN5015-KR-M,,
B09CT88XNF,J0351-SET-S,,
B08WJ1JD1T,SET253-KR-NP-XXL,,
B08N4RFHNM,J0134-SET-XL,,
B09TH89W4P,SET433-KR-NP-L,,
B08MYNLFDT,J0124-TP-S,,
B09RKDGKTM,SET310-KR-NP-L,,
B09K3XMMR6,JNE3727-KR-L,,
B09TY377FQ,J0415-DR-XXL,,
B09SDYLJZ5,J0396-DR-XXL,,
B074SZDDR9,JNE1977-KR-237-XXL,,
B08B4TR2M6,J0034-SET-XXXL,,
B083SN3PKF,JNE3400-KR-S,,
B0983F9JL2,SET265-KR-NP-XXXL,,
B076HL83ZR,JNE2049-KR-351-S,,
B08KRJ9DD1,BTM040-PP-S,,
B09SDYSSGW,J0402-DR-XXL,,
B09QJ4F553,SET356-KR-NP-S,,
B08B3ZKPDZ,SET197-KR-NP-XXXL,,
B091SM2DMN,JNE3710-DR-XS,,
B098329H34,J0209-DR-XXXL,,
B085Y4P9YZ,BTM002-B-M,,
B099F9Y3B6,JNE3714-KR-S,,
B099NJKJ59,SET289-KR-NP-XXXL,,
B09QJ4BFQQ,SET349-KR-NP-XXL,,
B09K3ZR9ZG,JNE3805-KR-XXL,,
B09TZTF5VF,SET377-KR-NP-XXL,,
B08PVT19KN,J0106-KR-XXXL,,
B099NKHSGB,SET287-KR-NP-S,,
B09HMWV93S,JNE3573-KR-XS,,
B0929JZWL2,J0148-SET-XXL,,
B07569S1QP,JNE2009-KR-310-M,,
B093ZRTBXN,JNE3702-KR-M,,
B0928YW4MM,NW014-ST-SR-L,,
B09VC3WSC9,JNE3881-DR-L,,
B08N4TT7CH,SET240-KR-PP-XXL,,
B094FKF1V1,JNE3683-TU-XS,,
B08PCTJBKF,JNE3488-KR-XXL,,
B09NDKVP42,SET343-KR-NP-XS,,
B099RJCM34,JNE3480-KR-XXL,,
B09812MM2Q,JNE3638-KR-XXXL,,
B099NPSHJ2,JNE3739-KR-XXXL,,
B09CT99GWK,SET280-KR-PP-M,,
B099FBDWBY,JNE3759-KR-M,,
B09K3RC2ZH,JNE3763-KR-XL,,
B09RKB4VDD,JNE3836-KR-XXL,,
B099S8ZV85,JNE3688-TU-XS,,
B09HMWQ1JL,SET228-KR-PP-A-XS,,
B09LV1Q3DT,JNE3735-KR-XXXL,,
B08L934H7V,SET198-KR-NP-A-M,,
B08KRQJNVD,BTM036-PP-XXL,,
B08B3YDL18,SET197-KR-NP-M,,
B08XNHWN22,J0079-SKD-XXXL,,
B094FNYJJ5,JNE3633-KR-XS,,
B09814Q3QH,JNE3638-KR-XS,,
B07VSG55LR,SET131-KR-NP-XL,,
B07H7BYHJQ,JNE2266-KR-490-A-XL,,
B082W7T8ZY,JNE3404-KR-M,,
B085Y4LRDR,BTM002-B-XXL,,
B08N44JLV7,J0176-TP-M,,
B099FC297C,JNE3756-KR-XL,,
B08MYNC76H,J0178-TP-XXXL,,
B0925TRXJ8,J0245-SKD-S,,
B09RKCHCPC,JNE3837-KR-XL,,
B08WB2DBVZ,SET194-KR-NP-XXXL,,
B094FN9P2S,JNE3701-KR-XXXL,,
B09K3NLG1Z,SET325-KR-NP-XS,,
B08XNHF3KB,J0233-SKD-XXXL,,
B08HK4PJWJ,JNE3543-KR-XXL,,
B09QJNJJ56,SET358-KR-NP-XS,,
B099NHRRMT,J0345-SET-L,,
B08YYQ8L6L,MEN5001-KR-XXL,,
B08MX9S6NY,JNE3556-KR-XXL,,
B081WX6MFJ,JNE3368-KR-XS,,
B09K3ZDGHG,JNE3804-KR-XS,,
B08XNG67ZL,J0079-SKD-S,,
B099F9N2F3,JNE3720-KR-XL,,
B08TGZN5D4,SET252-KR-PP-M,,
B08N1BBCRF,J0179-KR-XL,,
B09295PWRB,J0083-KR-M,,
B07MY3R7VN,SET037-KR-NP-XXL,,
B08F397FDP,JNE3489-KR-XXL,,
B0982YZ51B,J0157-DR-XXL,,
B09KXYGX7P,J0217-BL-XL,,
B09KXXQ639,J0217-BL-L,,
B08W519YD1,JNE3625-DR-S,,
B091Y2T7GS,J0081-DR-XS,,
B09RKCMCJS,JNE3807-KR-XXL,,
B0894YSTPQ,J0015-DR-XS,,
B09KXRB5FH,J0328-KR-S,,
B09HMTQW6F,J0102-SKD-XL,,
B09831Z4GF,J0211-DR-S,,
B09K3KMF92,SET383-KR-NP-XXXL,,
B0986Z9HNW,JNE3687-TU-XL,,
B09RKBXV4Z,SET392-KR-NP-XS,,
B094FJ8SZ7,JNE3689-TU-XS,,
B08YZ46TNM,MEN5010-KR-XL,,
B08VRJS7TK,J0101-DR-A-XXXL,,
B07TD8SXKT,SET075-KR-DH-S,,
B08N1CKTD8,J0179-KR-S,,
B097ZZLL9G,JNE3616-KR-XL,,
B08ZYR2ZVM,J0236-SKD-XS,,
B09RKDYDPJ,SET320-KR-NP-M,,
B09Q194BM1,SET342-KR-NP-N-XXXL,,
B09SDZ27RS,J0397-DR-M,,
B09RKCCSKL,JNE3806-KR-M,,
B081X59FVC,JNE3391-KR-M,,
B09KXVZRG7,SET352-KR-NP-XL,,
B09QJ52STD,SET393-KR-NP-XL,,
B08TRFYX25,JNE3421-KR-N-S,,
B0943FLTDS,JNE3673-TU-XL,,
B082Z3G31G,SET158-KR-PP-XXXL,,
B08QGL2TZ6,SET229-KR-PP-XXXL,,
B0928WHXM6,NW031-TP-PJ-XXXL,,
B09VC63Y2N,SET402-KR-NP-L,,
B09438K2QJ,JNE3675-TU-M,,
B08ZHZJYK8,JNE3648-TP-N-XS,,
B09295TPS8,J0155-KR-XS,,
B0986ZB8FM,J0337-TP-XXL,,
B08ZHHW8Z7,JNE3656-TP-N-L,,
B09M74SV2Q,NW039-TP-SR-XXL,,
B089G1559Q,J0034-SET-XXL,,
B09VZDZBVN,J0024-KR-XXXL,,
B0925VSFXK,J0240-SKD-XXL,,
B082W87JBJ,JNE3432-KR-XXXL,,
B09M74WF7C,NW034-TP-PJ-M,,
B0943J3JDV,JNE3672-TU-L,,
B089G28YYW,J0041-SET-L,,
B0925W2F34,J0235-SKD-XS,,
B08YZ26R7R,MEN5007-KR-S,,
B0986X16BT,JNE3671-TU-XXL,,
B09RKDLZJW,SET310-KR-NP-XL,,
B0982YYCLC,J0157-DR-XS,,
B07RRWXRJQ,JNE3256-KR-XXL,,
B08YZ243V6,MEN5011-KR-L,,
B09HMHL1XW,JNE3730-KR-XS,,
B09RKF8T2M,SET392-KR-NP-XXL,,
B091Z6YG38,J0130-SET-XXXL,,
B08WPT8KFM,JNE3506-KR-L,,
B08XNHS8X7,J0233-SKD-S,,
B091XYYW9B,J0139-KR-XS,,
B07WS16Z76,JNE3365-KR-1052-A-XS,,
B09RKFDNHM,SET375-KR-NP-S,,
B08MYTL8VG,JNE3464-KR-L,,
B08MX5F39T,JNE3576-KR-XXL,,
B098126DTY,JNE3638-KR-XXL,,
B08LDLYTCZ,JNE3474-KR-E-XXL,,
B08KRYSKWF,JNE3568-KR-XXXL,,
B08V1HVNCK,SET239-KR-NP-XL,,
B07FVS3LXX,JNE1951-KR-155-XS,,
B08394YHMH,BL102-M,,
B094FJSTJR,JNE3690-TU-XXL,,
B09RKFC91P,SET378-KR-NP-S,,
B08QGK2BYL,J0135-SET-L,,
B0893FQB7N,JNE3429-KR-S,,
B0965KS1MF,J0204-TP-XXXL,,
B099FC8ZRT,JNE3720-KR-XXXL,,
B08WHXN4Q9,SET253-KR-NP-L,,
B0983DSS8R,SET278-KR-NP-XS,,
B09QJLJ229,SET366-KR-NP-L,,
B09RK7Q644,JNE3869-DR-M,,
B07FVTH8JZ,JNE2205-KR-467-A-XS,,
B099S9Z51Z,JNE3688-TU-XXL,,
B08V17S7Z3,J0131-KR-XXXL,,
B091Z737NX,J0137-SET-L,,
B08V1R1244,J0108-SKD-L,,
B08BK4SJMT,JNE3534-KR-L,,
B0845QZ97R,BTM031-NP-L,,
B08BFQBFX3,JNE3449-KR-L,,
B0925W8QHD,J0242-SKD-XS,,
B085Y494QN,BTM003-B-XXXL,,
B09B5846YJ,SET247-KR-SHA-L,,
B0925XPBXM,J0241-SKD-XL,,
B0983GGFYD,SET278-KR-NP-XL,,
B08MXB9H3Z,JNE3549-KR-XL,,
B08HHJMBV4,JNE3482-KR-L,,
B09433XCJJ,JNE3642-TP-S,,
B08QGNR2Q9,J0174-TP-XL,,
B08N4DLL7D,J0173-DR-XS,,
B07H7D7NJZ,JNE3068-KR-A-L,,
B08XQ9KLPN,SET249-KR-NP-XXL,,
B08394YKZK,BL100-XL,,
B09KXPYTCZ,JNE3790-KR-XXXL,,
B08HK4G6F4,JNE3471-KR-XXXL,,
B09NQ3G8BJ,SET332-KR-PP-XS,,
B09Q3GYT7H,JNE3835-KR-XL,,
B08W9F5KML,SET184-KR-PP-XS,,
B08MYSZ794,JNE3564-KR-L,,
B08BFVYWW8,JNE3459-KR-L,,
B09SDXVHGN,SET330-KR-PP-M,,
B08QGNW65G,JNE3553-KR-XL,,
B0922W5WM9,NW001-TP-PJ-XL,,
B099NQR3HL,J0302-DR-XXL,,
B09BQFDPV6,SET267-KR-NP-XXXL,,
B099NQHLYL,J0295-DR-XXXL,,
B08V19S3QJ,J0161-DR-XXXL,,
B09RKD8XVV,SET397-KR-NP-L,,
B09KXVD8M2,SET316-KR-DPT-XS,,
B09438BQYF,JNE3642-TP-XS,,
B09SDZV7MR,JNE3779-KR-XL,,
B09Q3HSG1T,JNE3834-KR-M,,
B082PXQ5BL,SET154-KR-NP-XXL,,
B09W61RXRZ,SET400-KR-NP-XXL,,
B099NGG1SM,SET286-KR-NP-XXL,,
B08YZ1JSM7,MEN5031-KR-L,,
B09QJ4KR4L,SET388-KR-NP-M,,
B08XVR446F,JNE3635-KR-M,,
B08ZJJK7MH,JNE3652-TP-N-XS,,
B08N4RTWQW,J0173-DR-S,,
B08TH2M8KR,JNE3608-KR-XS,,
B09PBW48NB,J0219-BL-S,,
B08W2DHFFD,JNE3629-KR-XXL,,
B08BFLYSNW,JNE3530-KR-XXL,,
B09Y3J15P7,SAR138,,
B08V1FF319,J0113-TP-XXXL,,
B09RKDTPRF,JNE3787-KR-XS,,
B0943HX9XL,JNE3686-TU-XL,,
B09M6T4XPC,SET288-KR-NP-S,,
B08MXBHG7Q,JNE3554-KR-S,,
B09KXRXFVF,JNE3789-KR-XXXL,,
B08TH4GTW9,JNE3607-KR-XXL,,
B099NQZTBJ,JNE3738-KR-XS,,
B09K3HGTRS,SET383-KR-NP-XXL,,
B08MYSPJ39,JNE3479-KR-XS,,
B0982ZBG32,JNE3706-DR-XXL,,
B099S83C1B,J0342-TP-XL,,
B09NQ6TBQW,JNE3774-KR-S,,
B0928S4YCB,NW014-ST-SR-M,,
B09KXQN277,JNE3775-KR-L,,
B091Q7MS68,JNE3612-KR-XXL,,
B08W2K14CM,JNE3623-KR-S,,
B09K3SLZ2C,JNE3777-KR-XL,,
B09811JFQH,JNE3725-KR-XXL,,
B08QGNJVKR,J0164-DR-XXL,,
B09DY9HV4N,J0347-SET-XL,,
B0965JTTHB,J0201-TP-XS,,
B099NP224P,JNE3703-KR-XS,,
B09K3JK4P9,SET329-KR-NP-XXL,,
B08XNGMPLK,J0231-SKD-XXXL,,
B089G2GP9R,J0037-KR-XXXL,,
B085HRGBDN,SET182-KR-DH-S,,
B09M6T674G,J0249-SKD-L,,
B08HHJPB3J,JNE3542-KR-L,,
B099NPXK2J,JNE3757-KR-XS,,
B09KXSQGNK,SET319-KR-NP-XS,,
B0943LR6T1,JNE3670-TU-M,,
B08B3Z86XY,SET186-KR-DH-S,,
B09K3WJ95D,JNE3773-KR-S,,
B08XNK3MXN,J0231-SKD-M,,
B08YZ16M9S,MEN5004-KR-XXL,,
B08WHZC5QK,J0234-SKD-XXL,,
B09K3RBN7T,JNE3776-KR-S,,
B083ZTJ1GC,JNE3428-KR-XS,,
B09K3Z8XNG,JNE3745-KR-L,,
B099F9NCKZ,J0299-KR-M,,
B08MYSSPT8,JNE3577-KR-XL,,
B098128VK9,JNE3638-KR-L,,
B08W9LP36M,SET246-KR-PP-XXL,,
B08YYTBGMP,MEN5016-KR-XXXL,,
B09K3W31J3,JNE3796-KR-L,,
B0965L4NY5,J0201-TP-XXL,,
B09812FYH9,JNE3636-KR-XXXL,,
B0894W912W,J0028-KR-L,,
B082TTV7WX,JNE3291-KR-XS,,
B0986XXLG6,J0337-TP-L,,
B09KXQBR58,JNE3733-KR-L,,
B09K3XM6XS,JNE3773-KR-XXXL,,
B09RKCWNYM,SET347-KR-NP-XXL,,
B09RKFDT7Q,SET392-KR-NP-M,,
B09SDXRYBD,J0396-DR-XS,,
B07C3MGV2R,JNE2251-KR-537-M,,
B098124S5D,JNE3729-KR-XL,,
B09RKDH2BT,SET397-KR-NP-XS,,
B089G2D8YZ,J0020-SET-XS,,
B08XQBK699,SET249-KR-NP-S,,
B083177VXY,JNE3427-KR-L,,
B09TH6N4HW,SET433-KR-NP-S,,
B08YZ17D9M,MEN5002-KR-S,,
B09SDXPB9D,JNE3880-DR-XXXL,,
B09TY2QT4R,J0415-DR-XXXL,,
B0793S1KD9,JNE2132-KR-398-S,,
B09RT3BBJZ,SET339-KR-NP-L,,
B09QJ3DYHK,J0376-SKD-M,,
B0793RR7YH,JNE2132-KR-398-M,,
B07Q2MXMCG,SET049-KR-NP-S,,
B09K3KC8TQ,SET325-KR-NP-S,,
B09RKFD39V,SET375-KR-NP-L,,
B08ZJ5RHDL,JNE3644-TP-N-S,,
B08MYSPXYL,SET226-KR-PP-XL,,
B09LTZ8XN6,JNE3735-KR-S,,
B0894X8ND7,J0008-SKD-XXXL,,
B08YZ1LYHJ,MEN5010-KR-M,,
B08N44NRDT,J0117-TP-XS,,
B09B2F565P,JNE3443-KR-XS,,
B08B4JW156,J0048-TP-S,,
B09TZS6R2M,JNE3894-TP-XXL,,
B09831PJB7,J0333-DR-XXL,,
B08QGNMZ6V,JNE3565-KR-M,,
B08ZHL9KDP,JNE3651-TP-N-XXL,,
B08YZ2C6PY,MEN5024-KR-S,,
B08N4V3924,SET241-KR-PP-S,,
B089G2TLQ6,J0033-KR-XXXL,,
B09433ZB8C,SET262-KR-NP-L,,
B08N4RB3NS,SET241-KR-PP-M,,
B09M75MQ8M,NW039-TP-SR-M,,
B094FMXDFB,JNE3633-KR-XL,,
B09KXNVH2Z,JNE3790-KR-XXL,,
B09B2GM8LV,JNE3571-KR-XS,,
B08QGQBYVJ,J0162-SKD-XL,,
B09K3LRFQF,SET304-KR-DPT-M,,
B099NQHPRK,JNE3717-KR-L,,
B09TY2MHH6,J0414-DR-L,,
B08BFL5B9S,JNE3449-KR-XL,,
B09TY1THSJ,J0414-DR-XL,,
B08QMNQF45,JNE3559-KR-XXL,,
B07ZYT3LTD,JNE3348-KR-XS,,
B092CZP97K,J0089-TP-XL,,
B08N4MF9MT,J0189-TP-XXL,,
B08BFLWQW2,JNE3451-KR-XXL,,
B08YZ1JHHZ,MEN5017-KR-L,,
B083946HJW,BL102-S,,
B0793S4TBK,JNE2101-KR-210-S,,
B09SDZ46RC,J0402-DR-M,,
B0893FXX9Q,JNE3429-KR-M,,
B08TZJPCCB,J0184-KR-XXL,,
B08ZJFBFBL,JNE3660-TP-N-XXL,,
B094FPMC2W,SET270-KR-PP-S,,
B08BF8HVPS,JNE3457-KR-S,,
B08MYV23VX,JNE3606-KR-XS,,
B07X2KBK73,SET128-KR-DH-XL,,
B09K3MTGS8,SET305-KR-DPT-XXL,,
B089G276WH,J0092-SET-XL,,
B09RKDY38X,SET378-KR-NP-XXXL,,
B0928W9MSN,NW014-ST-SR-XXL,,
B09SDXB141,JNE3800-KR-S,,
B099FDMPVZ,J0299-KR-XS,,
B09HNQ2PLB,J0348-SET-XS,,
B09G2SN5J3,JNE3715-KR-XS,,
B081XBQBGF,JNE3440-KR-N-XXL,,
B09KXWMGHD,SET313-KR-NP-XL,,
B09HMSSM5B,JNE3794-KR-L,,
B074XD94GB,JNE1998-KR-311-XL,,
B0922SD3TN,NW029-ST-SR-XL,,
B09TH5VZK6,JNE3800-KR-A-S,,
B094FL9R9M,JNE3701-KR-XL,,
B07S8WFN2J,JNE3334-KR-XL,,
B09RKBZ7WL,JNE3810-KR-XS,,
B097ZZKR4N,JNE3617-KR-S,,
B08YYSNPZB,MEN5019-KR-M,,
B08KRQRBQH,BTM038-PP-L,,
B099NMK3ZV,JNE3703-KR-L,,
B09K3ZB6BQ,JNE3773-KR-L,,
B08B3YN5Y7,JNE3476-KR-L,,
B09LTZH194,JNE3818-KR-L,,
B082W7WHB8,JNE3404-KR-L,,
B09QJ3H57V,JNE3856-KR-XXXL,,
B0983GWPF1,SET257-KR-PP-XS,,
B09RKC7MNY,SET413-KR-NP-XXL,,
B07SVMB2VQ,SET100-KR-PP-XS,,
B09KXXKVVN,J0215-BL-XXL,,
B09RKBT7JT,JNE3748-KR-XXXL,,
B09269SGQ4,J0080-TP-L,,
B09KXQGSMP,J0328-KR-XS,,
B07X3LNT9Q,SET131-KR-NP-A-XL,,
B09NQ9F2K6,JNE3780-KR-XXL,,
B09K3RBPVP,JNE3764-KR-S,,
B09812HST7,JNE3636-KR-S,,
B07X3KPRJ1,SET098-KR-PP-XXXL,,
B0922PN57C,NW008-ST-CP-S,,
B07S3KBCL3,SET094-KR-NP-XXXL,,
B0986XVRL1,J0336-TP-S,,
B09KXT2VYZ,SET313-KR-NP-M,,
B0983FXQQ2,SET258-KR-PP-XL,,
B08N1BYTL6,J0132-KR-XS,,
B09LV1TMSV,JNE3735-KR-L,,
B0983F1V7R,SET278-KR-NP-XXL,,
B07P5RYJ5T,JNE3255-KR-XL,,
B09K3YJSKF,JNE3796-KR-S,,
B07R51QXZD,JNE3261-KR-XS,,
B085GCH73V,BL099-S,,
B08394ND62,BL100-S,,
B09M6VBZZL,J0382-SKD-XXL,,
B09SDYZ8BM,SET330-KR-PP-XXXL,,
B08TH2BJRS,JNE3607-KR-XS,,
B09TH7GXJW,JNE3798-KR-A-L,,
B08KS1MS37,JNE3431-KR-XS,,
B09RKCSH3D,SET413-KR-NP-M,,
B08MYTCVQH,SET226-KR-PP-M,,
B082W7WY5S,JNE3336-KR-XS,,
B08YNPB5YK,J0077-SKD-M,,
B08YYTBPPP,MEN5003-KR-XXL,,
B08HHJPBT8,JNE3482-KR-M,,
B091XR7H7X,J0139-KR-XL,,
B06Y57CT5J,JNE1906-KR-031-XXL,,
B08L929PGL,SET195-KR-NP-A-L,,
B08B3XZM9D,JNE3454-KR-XS,,
B08N4RTJCY,J0153-DR-S,,
B09SDYQ3WG,JNE3797-KR-S,,
B08W2M9KMF,JNE3609-KR-S,,
B0965J8RCH,J0213-TP-XL,,
B081WYWR8P,JNE3435-KR-XL,,
B07HYS3P54,JNE2291-KR-602-XXXL,,
B09K3R6L8S,JNE3749-KR-XXL,,
B09K3TSBJX,SET384-KR-NP-M,,
B098P4N8V5,SET272-KR-PP-XL,,
B09RSVKMH5,SET339-KR-NP-XS,,
B091Q9S5WQ,JNE3615-KR-M,,
B08316SB53,JNE3427-KR-M,,
B09W629BLJ,SET400-KR-NP-S,,
B09KXPT2RF,JNE3775-KR-XXL,,
B09SDX82TS,JNE3861-DR-S,,
B091T1N5WV,JNE3709-DR-S,,
B09CT8CZTD,SET280-KR-PP-XL,,
B091YFW1VZ,J0081-DR-S,,
B08PCV5FJW,SET238-KR-PP-XL,,
B08L3SZY9B,BTM045-PP-XXL,,
B08MXRL1TW,SET230-KR-PP-XL,,
B08WHX5R8P,J0232-SKD-XXL,,
B07VSG637W,SET132-KR-NP-XS,,
B09QJ549GK,J0376-SKD-XXL,,
B098316HXL,J0157-DR-XL,,
B099NRX48T,J0296-DR-S,,
B091GKQRZR,CH213-BROWN-M,,
B09QJ4FRW9,J0377-SKD-L,,
B099S7B6Q7,JNE3708-TU-M,,
B08L3QH8PP,BTM042-PP-L,,
B08L93C2FW,SET205-KR-DPT-A-XXXL,,
B08W8NSFRH,JNE3484-KR-XXL,,
B0846264DH,BTM027-NP-XXXL,,
B08V1LLYYW,J0113-TP-S,,
B09LTZM8YG,JNE3820-KR-XS,,
B07FTP9Z2H,JNE1525-KR-UDF19-A-XS,,
B08XVQMSJV,JNE3611-KR-L,,
B0922P68HD,NW005-ST-PJ-M,,
B09PN4LM6Q,SET295-KR-NP-XXL,,
B08QMRTY2F,JNE3559-KR-XL,,
B0922TJXMK,NW012-TP-PJ-XXXL,,
B08N19W65B,J0175-KR-XXL,,
B08L94M5V3,SET193-KR-NP-A-M,,
B08QGSDS34,J0162-SKD-XXL,,
B09B2F5N2H,JNE3546-KR-XXXL,,
B08L93HXMF,SET205-KR-DPT-A-S,,
B092D2R7PS,J0090-TP-XXXL,,
B099FCM9TM,JNE3714-KR-M,,
B09NPX3HG3,SET341-KR-NP-XL,,
B09HNPH3C6,JNE3726-KR-XL,,
B0986Z1LPB,JNE3743-TP-XS,,
B099S7SGRB,J0310-TP-XXL,,
B099WX645F,SET209-KR-PP-S,,
B09RKCY3CP,SET395-KR-NP-XXL,,
B09M6T8JXP,J0228-SKD-XL,,
B089G26CZ5,J0025-DR-S,,
B092CZVBCR,J0111-TP-XL,,
B094FSF6V2,SET273-KR-NP-XL,,
B09832X2FZ,J0209-DR-L,,
B08ZJ375LH,JNE3641-TP-N-S,,
B09NQ4Z8B3,J0250-SKD-XXL,,
B08MXBX2NJ,SET220-KR-PP-L,,
B09Q3HXG2Z,JNE3835-KR-XXXL,,
B09RKCBJB6,JNE3836-KR-XXXL,,
B09SDY1W8Z,SET307-KR-DPT-M,,
B07SHC649M,JNE3313-KR-A-XS,,
B09TH6DNNN,SET396-KR-PP-M,,
B0793R5HQ7,JNE2113-KR-381-S,,
B09813LPYX,JNE3638-KR-S,,
B07R3KS3DN,JNE3294-KR-XL,,
B09K3MMPJX,SET385-KR-NP-XXL,,
B09RKC6J4R,JNE3807-KR-XXXL,,
B08MXF2ZD5,SET220-KR-PP-XXL,,
B08P1F8WCY,SET227-KR-PP-A-XXL,,
B08XNHWRHP,J0231-SKD-S,,
B0894Y2NJQ,J0012-SKD-XS,,
B0929DPT8L,J0148-SET-XS,,
B099NJW4M1,J0345-SET-XXXL,,
B08HK4VS4M,JNE3458-KR-XL,,
B0983FKR61,SET258-KR-PP-XS,,
B08HHJPQ6P,JNE3455-KR-XXXL,,
B09PN5N9FP,SET295-KR-NP-XS,,
B09CTHR5W5,SET282-KR-PP-XS,,
B07GRRDQ2V,JNE2291-KR-602-XL,,
B092D2VN28,J0090-TP-XL,,
B082Z3R4LS,SET185-KR-NP-XXXL,,
B0982Z8HPJ,J0212-DR-L,,
B08V1RZKRG,J0108-SKD-XS,,
B0768J7VQ1,JNE2032-KR-205-XL,,
B09QJ3ZP5T,SET364-KR-NP-S,,
B08MXC4F59,JNE3548-KR-XXL,,
B0922V15HC,NW029-ST-SR-M,,
B082Z3LQ96,SET156-KR-NP-XXL,,
B082Z438ZS,SET116-KR-NP-XXL,,
B08P1GQV6V,SET227-KR-PP-A-M,,
B09SDXVG4X,JNE3880-DR-S,,
B08HK6WL3S,JNE3458-KR-L,,
B078Q3C6QS,JNE2100-KR-144-M,,
B09K3VWJXL,SET385-KR-NP-S,,
B081X2QPXK,JNE3445-KR-XXL,,
B09K3SSDSZ,JNE3764-KR-XXXL,,
B08C32BMWV,J0047-TP-XL,,
B09KXR9FMJ,J0329-KR-XS,,
B07R5X4SSC,JNE3288-KR-XL,,
B09KXSW54F,SET316-KR-DPT-XL,,
B09KXVQM7F,SET337-KR-NP-M,,
B0983DYB2P,SET281-KR-PP-L,,
B08YYTGRYB,MEN5019-KR-XL,,
B081X7NP3Y,JNE3369-KR-XXL,,
B09KXVM4V6,SET316-KR-DPT-L,,
B08RDVD5KQ,J0165-TP-L,,
B0925W64DT,J0244-SKD-XXXL,,
B07MY3WWY2,SET048-KR-NP-XXXL,,
B08317296H,JNE3425-KR-L,,
B08V17851C,J0161-DR-XS,,
B09B2F65QS,JNE3553-KR-XXXL,,
B092CVW5H3,J0085-TP-S,,
B09RKDQHR3,SET355-KR-PP-XS,,
B0983N7S42,JNE3610-KR-XXL,,
B09PDK1GQK,JNE3833-KR-L,,
B09QJLGMQS,SET360-KR-NP-XXXL,,
B09NQ6824N,JNE3793-KR-XL,,
B08KRVBQ9J,SET188-KR-NP-XXXL,,
B09RKDT1CK,SET413-KR-NP-XL,,
B0922SK52F,NW015-TP-PJ-XS,,
B077Z7WLCK,BL024-74RED,,
B09291Y542,J0155-KR-XXXL,,
B09RKF3J6F,SET322-KR-SHA-XXXL,,
B08V1MQWV3,J0133-KR-XS,,
B08BJQYC1B,J0010-LCD-XXXL,,
B099NNR712,JNE3741-KR-M,,
B09K3KW667,SET329-KR-NP-XS,,
B08W96G15D,SET246-KR-PP-XS,,
B09QJMGR7B,SET369-KR-NP-XXXL,,
B09K3SXDBC,JNE3767-KR-XS,,
B08B3YCWK5,SET197-KR-NP-XS,,
B08YYSLLKG,MEN5027-KR-XXL,,
B091Q8JXX9,JNE3619-KR-S,,
B0894Y7ZF8,J0009-SKD-M,,
B09K3Y45WZ,JNE3745-KR-XXXL,,
B09CTBFKGS,SET282-KR-PP-S,,
B0845QRKKJ,BTM029-NP-S,,
B0983292DV,J0157-DR-M,,
B09RKDQBB6,SET320-KR-NP-L,,
B083178GTW,JNE3425-KR-XL,,
B0965KGKTK,J0204-TP-S,,
B0965K1TM6,J0204-TP-XXL,,
B09RKF7PFW,SET395-KR-NP-L,,
B0943KX4RH,JNE3686-TU-L,,
B094FQBK55,SET273-KR-NP-XXL,,
B09Q3HSGH3,JNE3834-KR-XXL,,
B097ZZX599,JNE3729-KR-XXXL,,
B08RYR26YC,J0194-DR-XXXL,,
B09RSVRX2Y,SET339-KR-NP-XXXL,,
B08B3YQPZM,JNE3523-KR-XS,,
B0894XKF36,J0029-KR-XS,,
B08BK541W6,J0051-KR-S,,
B0982ZW7TQ,J0210-DR-XXXL,,
B092D2B8N4,J0088-TP-L,,
B099S9GZY7,JNE3688-TU-L,,
B08XVFNF71,JNE3635-KR-XXL,,
B08TH4TYXD,JNE3608-KR-S,,
B09K3TB2KY,JNE3752-KR-XL,,
B0986X19QC,JNE3671-TU-M,,
B0922SPY3K,NW004-TP-PJ-XL,,
B082Z4T4HK,SET156-KR-NP-XXXL,,
B089B19HGM,SET217-KR-PP-M,,
B0982ZRTYX,J0210-DR-L,,
B08394MPZR,BL101-S,,
B08L3RSH8G,BTM047-PP-S,,
B08MYPW3M4,J0124-TP-XXXL,,
B0928XQWQF,NW007-ST-CP-L,,
B077Z7WHCR,BL035-161GOLD,,
B07H6HKBLD,JNE1906-KR-031-XXXL,,
B09K3Z3VK4,J0371-SKD-XS,,
B099NP4HCD,NW022-TP-PJ-XS,,
B08MX6KTYV,JNE3575-KR-XL,,
B08TRHRN6X,JNE3421-KR-N-XL,,
B099NL1RQ2,SET287-KR-NP-XL,,
B09RKD2Z9T,SET355-KR-PP-S,,
B08C33V71F,J0049-TP-XS,,
B092D2Y3BF,J0088-TP-XS,,
B09K3WH8Q7,JNE3763-KR-XS,,
B08MXFM318,SET220-KR-PP-XXXL,,
B09K3C7FMH,SET326-KR-PP-XXL,,
B09RKD8823,JNE3807-KR-M,,
B09292WM1Q,BL110-XS,,
B09K3WY5ZV,J0372-SKD-XXXL,,
B099FF4F7C,J0299-KR-S,,
B092D2GLW2,J0088-TP-M,,
B08N49HFRG,J0153-DR-L,,
B09SDYYZHZ,J0399-DR-XXL,,
B09RKCSZQQ,JNE3732-KR-L,,
B09HMYMLGR,SET179-KR-PP-XXXL,,
B08RJBQT48,SET210-KR-PP-XL,,
B0894XSQ2J,J0009-SKD-XL,,
B082W743N1,JNE3430-KR-XXL,,
B0781JD4D3,BL019-71PINK-B,,
B09J1CF6Z4,SAR070,,
B099NQ9RLJ,JNE3738-KR-M,,
B08B3YMRB5,JNE3473-KR-M,,
B099NQ9RLG,JNE3757-KR-M,,
B094FJ2VY6,JNE3689-TU-L,,
B08394RNL6,BL089-XXL,,
B08QGPCSPM,J0167-KR-M,,
B07GRV8MPD,JNE2291-KR-602-XXL,,
B09X1T9PHX,JNE2131-KR-A-L,,
B09LV1BBHX,JNE3735-KR-M,,
B09K3GJ9Y3,SET303-KR-NP-M,,
B09K3X5YQR,JNE3776-KR-XXL,,
B099FF49MY,JNE3740-KR-S,,
B08MXDQM44,JNE3548-KR-XL,,
B081WV7Q7C,JNE3421-KR-L,,
B07GRSW1NT,JNE2291-KR-602-M,,
B09B2DZS1V,JNE3565-KR-XS,,
B07R59R6KX,SET058-KR-NP-S,,
B08CDRLFN4,JNE3467-KR-XS,,
B01LYC0NV1,JNE1234-MULTI-KR-032-XL,,
B0983FJSXK,SET272-KR-PP-XXL,,
B0943JL3P8,JNE3670-TU-XXL,,
B0983DD4G7,SET265-KR-NP-XXL,,
B09M6S719R,J0380-SKD-XXL,,
B08MYTVF1F,JNE3606-KR-XL,,
B0922TKDRM,NW001-TP-PJ-XXXL,,
B09TH8K7WF,SET396-KR-PP-XXL,,
B094FL6CTJ,J0196-TP-L,,
B099NMSJMX,JNE3742-KR-XXXL,,
B08B3YMP4M,SET186-KR-DH-L,,
B0922QJ5DH,NW004-TP-PJ-M,,
B099NNVBWM,NW020-ST-SR-XL,,
B09RKFCS69,SET378-KR-NP-XXL,,
B082Z36MPP,SET165-KR-PP-S,,
B09Q19BS6S,SET342-KR-NP-N-M,,
B0965LFBW6,J0202-TP-S,,
B08VWH92YN,J0078-SET-L,,
B099FB9QH3,JNE3742-KR-XL,,
B08WPZCCFT,JNE3510-KR-XS,,
B08YZ1GTG5,MEN5010-KR-XXXL,,
B08W1PD48Y,JNE3609-KR-XS,,
B0983FG2SX,SET276-KR-PP-M,,
B08WJ2XDQY,J0234-SKD-S,,
B08B4HLQH5,J0021-TP-L,,
B09M75XVTW,NW034-TP-PJ-XS,,
B09B2FW4TC,JNE3488-KR-XS,,
B08LGVDF55,JNE3516-KR-E-S,,
B09HNS3PZF,J0348-SET-M,,
B09Q3HC19H,JNE3835-KR-XS,,
B082W84VY6,JNE3401-KR-L,,
B07V6ZFMY7,SET073-KR-SHA-XL,,
B09RKBM69V,JNE3807-KR-L,,
B09G6KC7FX,JNE3676-TU-L,,
B0943J9RTL,JNE3672-TU-M,,
B07MY3J82C,SET053-KR-NP-S,,
B09B577CVX,SET290-KR-DPT-L,,
B085GBS9Y4,BL104-XXL,,
B089G1V1G3,J0034-SET-M,,
B0893FQFX8,JNE3412-KR-XS,,
B09437VPRC,JNE3680-TU-XXL,,
B08N1C3QTR,J0151-KR-XXL,,
B07RXC5XBD,SET094-KR-NP-S,,
B08YYSCCWR,MEN5027-KR-S,,
B092648LBY,J0243-DR-S,,
B08QGHTFWF,J0285-SKD-L,,
B07V68SDJZ,SET085-KR-PT-XS,,
B09QJMCBD6,SET365-KR-NP-S,,
B09K3WHRVM,JNE3766-KR-L,,
B089B1GM9F,SET217-KR-PP-XXL,,
B09K3G69WJ,J0372-SKD-XXL,,
B0929BNR7R,J0148-SET-XXXL,,
B083SMB3D6,JNE3394-KR-A-XS,,
B089G2C3QV,J0043-SET-XS,,
B09K3M182M,J0369-SKD-M,,
B099NQ867X,J0306-DR-XXL,,
B08ZHW6KDY,JNE3651-TP-N-L,,
B0925XBHB3,J0240-SKD-XXXL,,
B091XRCDYQ,J0158-DR-M,,
B085Y4VRZF,BTM021-B-XS,,
B09RKDZ467,SET310-KR-NP-M,,
B09QJ4D6TH,SET380-KR-NP-XL,,
B099FB1LY3,JNE3761-KR-S,,
B09812M1LM,JNE3614-KR-XS,,
B09QJ37SNL,SET344-KR-NP-L,,
B09434VXFX,JNE3674-TU-L,,
B09K3T2PXD,JNE3782-KR-XXL,,
B0899ZTF6L,SET143-KR-PP-XS,,
B09SDYHWLW,JNE3798-KR-XXXL,,
B09SDY7MHD,JNE3798-KR-XS,,
B0928W25V3,NW031-TP-PJ-L,,
B081X5WHHT,JNE3440-KR-N-S,,
B08MXFTM28,SET224-KR-NP-XXL,,
B081X8HG1G,JNE3421-KR-M,,
B09KXVBNQD,SET300-KR-NP-M,,
B0768JGSXJ,JNE2032-KR-205-S,,
B0925T5PZK,J0245-SKD-M,,
B09K3H7SMJ,J0369-SKD-S,,
B09K3TMCKY,JNE3803-KR-M,,
B07G4XY9TP,JNE2014-KR-178-XS,,
B0928Y81WL,BL109-XS,,
B09813S388,JNE3698-KR-L,,
B089FZ6SFC,J0092-SET-L,,
B091GLPVMK,AN208-MUSTARD-XXL,,
B09LV1KQS1,JNE3817-KR-S,,
B01M1L6330,JNE1233-BLUE-KR-031-L,,
B078Q4CFFN,JNE2100-KR-144-XL,,
B09832F82B,J0210-DR-XS,,
B08V141DP2,J0144-SET-S,,
B0925WN48N,J0235-SKD-S,,
B09TH4Q14G,JNE3800-KR-A-XS,,
B09NQ3MSLM,J0250-SKD-L,,
B098129875,JNE3614-KR-XXXL,,
B07S1GD428,SET094-KR-NP-M,,
B099NNHNX6,JNE3719-KR-XXL,,
B07Q2MWDYN,SET044-KR-NP-XL,,
B099NPRZM7,NW016-ST-SR-XL,,
B09TZWBRYB,JNE3866-KR-M,,
B08W1ZTMD3,JNE3622-KR-XL,,
B09438DWKT,JNE3675-TU-XXL,,
B08YYTM98L,MEN5025-KR-L,,
B0965L35QV,J0203-TP-XXL,,
B08XWB7KVX,JNE3635-KR-XS,,
B091Z87PMK,J0147-SET-XXL,,
B08QGNNTQ2,J0135-SET-M,,
B09RKF43WW,SET395-KR-NP-XS,,
B09SDXPCRB,JNE3798-KR-S,,
B08QGL9X1N,JNE3579-KR-XXL,,
B08MYRJJC9,JNE3606-KR-XXXL,,
B07X2KC3M2,SET131-KR-NP-A-XXXL,,
B08L94Q5YF,SET195-KR-NP-A-S,,
B09M6VX9TR,J0249-SKD-XL,,
B09BQLKL88,SET267-KR-NP-L,,
B09M6SDRK5,J0381-SKD-L,,
B091YGDV37,J0086-DR-XXXL,,
B07Q2P453R,SET044-KR-NP-L,,
B08QGLBPWF,J0281-SKD-XXL,,
B082W7Q7FK,JNE3466-KR-XL,,
B082Z486DJ,SET158-KR-PP-L,,
B07XMRHHPF,JNE3360-KR-S,,
B08RYNRYGQ,JNE3603-KR-S,,
B099S7WL9P,J0307-TP-S,,
B08RDTDYC4,J0165-TP-XXL,,
B07R5WN6NZ,JNE3261-KR-XXXL,,
B0928VZF2J,NW013-ST-SR-M,,
B09CTC5FLS,SET279-LC-M,,
B09M6SCRZ6,SET288-KR-NP-L,,
B0983FCRSN,SET192-KR-NP-XS,,
B09RKDSDPL,SET302-KR-PP-L,,
B08W1L7BMY,JNE3621-KR-M,,
B0922SCDFN,NW015-TP-PJ-S,,
B08WHW7BLW,J0234-SKD-M,,
B09QJ43FVH,SET344-KR-NP-XS,,
B08QGLG46Y,J0181-TP-L,,
B08BFCB1KR,JNE3459-KR-XXL,,
B09K3YRV3M,SET326-KR-PP-M,,
B0983FN98F,SET257-KR-PP-S,,
B099NK5TL9,SET285-KR-SHA-S,,
B09BQL1TYD,SET267-KR-NP-M,,
B09RKB7M2D,JNE3787-KR-M,,
B099NR3RSQ,NW024-TP-PJ-XXL,,
B08QGL4QV4,J0282-SET-XXXL,,
B082W7FFD3,JNE3432-KR-L,,
B09J1BNKR5,SAR042,,
B08PVV4YZN,J0106-KR-XL,,
B08B3ZWN4X,SET197-KR-NP-S,,
B09HLZKJ6G,JNE3730-KR-L,,
B08QJD24XR,JNE3578-KR-S,,
B08KRY6ZKV,BTM041-PP-XXXL,,
B09Y3JQ747,SAR140,,
B07FXW36SQ,JNE1975-KR-309-XS,,
B099NP71TV,JNE3742-KR-L,,
B09874Z5WK,J0334-TP-XXL,,
B08CMJBRQV,J0013-SKD-M,,
B08MXCZP4J,JNE3556-KR-M,,
B08MXC9NNC,JNE3557-KR-M,,
B08TH21TCJ,JNE3607-KR-XXXL,,
B08KRJWWKP,SET188-KR-NP-L,,
B078DL1CTS,BL006-54BLACK-B,,
B08W9FC46C,J0114-TP-M,,
B082Z3VNTZ,SET185-KR-NP-XL,,
B08YZ2TY5F,MEN5014-KR-M,,
B01M3P3W9O,JNE1408-GREY-KR-UDF19-S,,
B082W7JQ2D,JNE3408-KR-M,,
B0983CRC5B,SET192-KR-NP-XXL,,
B0983FHCBX,SET192-KR-NP-L,,
B08MXFNKR9,JNE3557-KR-XL,,
B08WJ2D4ZW,SET250-KR-SHA-L,,
B0983F8LC1,SET277-KR-NP-XL,,
B09BQJNZKB,SET271-KR-NP-S,,
B08WPPX32Y,JNE3506-KR-M,,
B01LYC0N7Q,JNE1233-BLUE-KR-031-XL,,
B09G2RJSGG,NW030-TP-PJ-XXXL,,
B09QJ3QD1P,SET380-KR-NP-XXL,,
B07VQ7QX6T,SET131-KR-NP-L,,
B09QJ3Q3CT,JNE3856-KR-XXL,,
B09NDKKM7P,SET323-KR-NP-XL,,
B08HHJNBRF,SET196-KR-NP-L,,
B099NPN8W4,JNE3714-KR-XL,,
B08RDT58CV,J0165-TP-XL,,
B07K5BD23T,SET014-KR-PP-A-XXXL,,
B09RKCQDKG,JNE3732-KR-XXXL,,
B09KXXWH15,J0215-BL-XL,,
B0967Q255P,J0207-DR-XXL,,
B081X5GTH3,JNE3391-KR-XL,,
B08YZ16CBG,MEN5024-KR-XL,,
B09KXTMD9Y,SET318-KR-SHA-XXXL,,
B09RKDX2BQ,SET317-KR-PP-XXXL,,
B0983FKBNF,SET254-KR-NP-S,,
B08YYZJX1Z,MEN5008-KR-S,,
B089G2BFX1,J0094-KR-S,,
B09TY17YHW,J0414-DR-S,,
B099NS1HFZ,NW035-ST-CP-XS,,
B099NP9CTT,JNE3742-KR-S,,
B08MYM2SRJ,J0122-TP-S,,
B09RKBW359,JNE3732-KR-S,,
B081X2FK8W,JNE3443-KR-S,,
B01LZMXYSV,JNE1234-MULTI-KR-032-S,,
B099S6V9VZ,J0307-TP-XXL,,
B0986XY9RC,JNE3666-TP-L,,
B0893FY7ZC,JNE3412-KR-XXXL,,
B08KRXD9ZS,BTM038-PP-S,,
B09CTB9HTP,SET280-KR-PP-XXL,,
B08PVVKV32,J0105-KR-XL,,
B09W651B64,SET400-KR-NP-M,,
B07THY3F41,SET075-KR-DH-XS,,
B0983B8DKR,SET277-KR-NP-S,,
B07XQJ7T7C,SET142-KR-PP-L,,
B081WWLS7F,JNE3421-KR-XL,,
B07T65CC1N,JNE3366-KR-1053-S,,
B09B3GVP53,JNE3669-TU-XXL,,
B09TY1VWSY,J0413-DR-XXL,,
B08LDMRC85,JNE3474-KR-E-XL,,
B0967RN8GY,J0208-DR-XXXL,,
B091XV7CPN,J0081-DR-XXXL,,
B09KXRZ1PW,JNE3775-KR-M,,
B08KRT1VKG,BTM039-PP-M,,
B0986XZG4D,J0336-TP-L,,
B092D2M2VT,J0090-TP-L,,
B085CDWX35,BTM032-NP-XS,,
B09832BMFK,J0211-DR-L,,
B074SP8YTW,JNE1977-KR-237-XL,,
B08QGR53MY,J0172-TP-XXXL,,
B085CF7MGD,BTM035-NP-XS,,
B0922V28CS,NW002-TP-PJ-XL,,
B072HR44J2,JNE1951-KR-155-M,,
B08B3ZDG3H,SET218-KR-NP-XL,,
B09QJ42J5P,SET360-KR-NP-S,,
B09K3XDJ3V,JNE3788-KR-XXXL,,
B09CT5YYZK,SET279-LC-XL,,
B099NMN6LH,JNE3762-KR-XXXL,,
B0899NCQQ4,J0023-TP-S,,
B083SMN2D7,JNE3400-KR-L,,
B085GB4TPB,BL104-S,,
B08TZYSSP6,J0109-SKD-XXL,,
B09LM82F69,J0332-DR-XS,,
B092336CTV,NW005-ST-PJ-S,,
B08MYVCDB4,JNE3501-KR-M,,
B0942Y1JDV,SET262-KR-NP-XL,,
B098711MQX,JNE3687-TU-L,,
B08PV556TK,J0324-CD-L,,
B08KR7LV2T,BTM039-PP-S,,
B07WP5HXW3,JNE3364-KR-1051-A-M,,
B0986YM7P3,JNE3666-TP-XXL,,
B099FD3RH2,JNE3740-KR-M,,
B08KRYFMQJ,BTM039-PP-XXXL,,
B0986RYVDW,JNE3671-TU-L,,
B08BF5MPKR,JNE3531-KR-L,,
B0922T775V,NW008-ST-CP-XL,,
B07ZYSRBT1,JNE3359-KR-L,,
B0922VHFXQ,NW001-TP-PJ-S,,
B07SLYHBWC,SET087-KR-PP-XL,,
B09812STL3,JNE3638-KR-XL,,
B09VC6JS3X,SET402-KR-NP-S,,
B08MXFMPPZ,SET223-KR-NP-XXL,,
B08QGMPGKT,J0164-DR-M,,
B09K3T68VG,JNE3783-KR-XL,,
B08QGM18YN,J0285-SKD-XXL,,
B081X8MCF1,JNE3383-KR-A-XXXL,,
B07G5B9CCV,JNE1998-KR-311-XS,,
B082Z3LQFR,SET158-KR-PP-M,,
B0922V4R3Z,NW008-ST-CP-XXL,,
B0922PCB3D,NW005-ST-PJ-XXL,,
B08XWH3B1Q,JNE3518-KR-XXXL,,
B07HYT8XL9,JNE2305-KR-533-XS,,
B0928Y4GXD,NW003-TP-PJ-XL,,
B0839472XB,BL093-S,,
B0965N625G,J0203-TP-XL,,
B0928ZPMHH,BL110-S,,
B08F3B42V3,JNE3489-KR-M,,
B08W2JM2W4,JNE3622-KR-M,,
B07MY3T7R7,SET053-KR-NP-L,,
B0965JGFRZ,J0195-TP-XL,,
B07R41QNJQ,JNE3294-KR-XS,,
B09RKD68ZS,SET315-KR-PP-XXXL,,
B09RKC4B4P,JNE3810-KR-XXL,,
B08W1Z8XN1,JNE3623-KR-L,,
B094368WHS,JNE3684-TU-L,,
B08TZRD58N,J0113-TP-L,,
B0768HCHHY,JNE2032-KR-205-M,,
B0943DPXH7,JNE3680-TU-S,,
B08B3YW9VD,JNE3476-KR-XS,,
B099F9XP34,JNE3637-KR-L,,
B09RKDSJ41,JNE3732-KR-XXL,,
B09RKCWL9Z,SET350-KR-NP-S,,
B09B2FBKHD,JNE3443-KR-XXXL,,
B08HK5YRGY,SET196-KR-NP-XXL,,
B091Y895MC,BL111-L,,
B0928XH9S9,BL110-L,,
B08B3YGPBZ,JNE3454-KR-XL,,
B099NRVM3Z,J0306-DR-S,,
B08V182SWV,J0109-SKD-XXXL,,
B08THCSV2X,SET252-KR-PP-XXXL,,
B09871M4DX,JNE3671-TU-S,,
B091GLX9PG,CH203-MAROON-L,,
B09RKF225G,SET408-KR-NP-L,,
B082W88SRB,JNE3466-KR-XXXL,,
B0965MLQBB,J0197-TP-XXL,,
B09871D3XM,JNE3744-TU-XXL,,
B08L91DRHM,SET198-KR-NP-A-XS,,
B08YYRSNLB,MEN5019-KR-S,,
B09SDYMTMZ,J0396-DR-M,,
B08XW83VLB,JNE3613-KR-XS,,
B091YK61J2,BL111-S,,
B08N4LTTPV,J0134-SET-XXL,,
B07MY45ZNF,SET055-KR-NP-L,,
B09M771K27,NW039-TP-SR-XL,,
B094FKSMY4,J0196-TP-XL,,
B08F3BC8GX,J0070-KR-XXL,,
B09RKDY5GC,SET302-KR-PP-XS,,
B09K3T4SBH,JNE3785-KR-XL,,
B09NQ7HW9W,JNE3793-KR-L,,
B09LM714QX,J0332-DR-XL,,
B0986ZN4M1,JNE3655-TP-L,,
B08ZHQN562,JNE3639-TP-N-XS,,
B093ZS68K1,JNE3702-KR-S,,
B09KXRB75K,JNE3792-KR-S,,
B091SMCT75,SET251-KR-PP-XS,,
B09Q3HH8TS,JNE3834-KR-XS,,
B0983F5NB3,SET248-KR-NP-L,,
B09G2SJSTW,JNE3715-KR-L,,
B07HWMZ61T,JNE2265-KR-501-L,,
B08W8GRH1S,JNE3470-KR-L,,
B09438FK2J,JNE3680-TU-M,,
B082Z48WT2,SET155-KR-PP-S,,
B08BFV51KV,JNE3460-KR-M,,
B08P5DW2X3,JNE3501-KR-L,,
B0893DDJDL,JNE3412-KR-L,,
B08HK6K553,JNE3483-KR-L,,
B09RKDBB27,SET340-KR-NP-XXL,,
B09KXNV41S,J0373-KR-XXL,,
B07VP4V7Y6,SET131-KR-NP-M,,
B09833D3PN,J0210-DR-M,,
B08W1SPSPH,JNE3622-KR-L,,
B09831SWPS,J0211-DR-XXXL,,
B08N4CW5D5,J0176-TP-XXL,,
B08465DVS9,BTM026-NP-XS,,
B08N4TVYBJ,J0189-TP-XL,,
B08YZ4VLH2,MEN5011-KR-S,,
B09J2J4HFZ,SAR048,,
B091Z81XR9,J0130-SET-XS,,
B085HSHQPF,SET182-KR-DH-XL,,
B099FBZ9WF,JNE3756-KR-L,,
B099NKS9QP,NW037-TP-SR-S,,
B079WXRBVF,JNE2170-KR-436-M,,
B08L3RLQ52,BTM045-PP-XL,,
B09K3QPWXK,J0371-SKD-XXL,,
B0926RSGCQ,J0243-DR-L,,
B09M6WS349,J0254-SKD-L,,
B07FXP2ZR4,JNE2170-KR-436-XXXL,,
B09LV2SZFV,JNE3822-KR-XS,,
B099FC43YJ,JNE3759-KR-S,,
B0925W9F9C,J0240-SKD-L,,
B09K3ST59H,JNE3771-KR-XXXL,,
B09K3X3581,JNE3782-KR-XS,,
B08WRHJ2LQ,SET199-KR-NP-XXL,,
B09PDCTLCF,J0331-KR-XL,,
B083SMJ92Y,JNE3400-KR-M,,
B0925WKDP9,J0239-SKD-L,,
B09HNSCF8D,JNE3726-KR-M,,
B0893FK1DZ,JNE3438-KR-S,,
B09K3WV4ZW,SET308-KR-PP-M,,
B08W1RS6CL,JNE3622-KR-XXL,,
B077YWLPWP,BL026-74BEIGE,,
B09M6SCCZ2,J0249-SKD-XXL,,
B08WHQSKJZ,SET253-KR-NP-XS,,
B08C33C2XW,J0075-KR-S,,
B0822TCNMG,SET179-KR-PP-S,,
B09RKCWDRF,SET310-KR-NP-XS,,
B07R5WFM9L,JNE3270-KR-XS,,
B099WY7W99,SET209-KR-PP-M,,
B091Y8JJF9,J0158-DR-XS,,
B099NQSQ8K,J0306-DR-XXXL,,
B07RSXFQ78,SET062-KR-SP-XXXL,,
B08YYR9L27,MEN5021-KR-S,,
B08MYVLBHQ,SET204-KR-DPT-XS,,
B08W9NT7WB,JNE3522-KR-S,,
B092913FQV,BL113-L,,
B0965K28X2,J0195-TP-XXL,,
B08YYZLF3D,MEN5026-KR-L,,
B08MXFRVF2,SET233-KR-PP-S,,
B09434XSZF,JNE3642-TP-XXL,,
B08TH27G2M,JNE3607-KR-S,,
B099NHMRVD,J0345-SET-XL,,
B09TY21ZM3,J0416-DR-M,,
B0899QQHBZ,J0023-TP-L,,
B09TY1Y3WZ,J0416-DR-L,,
B083ZT3VLT,JNE3428-KR-S,,
B0983FZW13,SET277-KR-NP-M,,
B099FBCC3V,JNE3740-KR-L,,
B08V1FFZZW,J0109-SKD-XL,,
B078Q3WGS3,JNE2100-KR-144-L,,
B08N4QQDNL,J0134-SET-S,,
B09RKF82J5,SET390-KR-NP-L,,
B08YZ2HJFW,MEN5002-KR-XXXL,,
B0894WL9SH,J0009-SKD-L,,
B08MX9PQ6C,JNE3549-KR-M,,
B081X2TYBM,JNE3383-KR-A-M,,
B09K3DFH9Z,SET384-KR-NP-L,,
B09KXVQTFX,J0251-SKD-M,,
B081X5328X,JNE3447-KR-S,,
B092D2RZ8S,J0088-TP-S,,
B08QGJNXB7,J0283-SET-XS,,
B09831XMWL,J0343-DR-XS,,
B0986S7V44,J0340-TP-XXL,,
B0943FB4P2,JNE3675-TU-XS,,
B08TGZCN3N,JNE3607-KR-XL,,
B09QJMW91M,SET369-KR-NP-XS,,
B09CSV6Z84,JNE3630-KR-M,,
B08HK6G5F9,JNE3452-KR-XL,,
B0894XSNZV,J0014-LCD-XS,,
B0893DP1WQ,JNE3412-KR-M,,
B09NQ7PCW9,JNE3793-KR-XXXL,,
B099NSZBST,J0306-DR-XL,,
B0922V9HP7,NW012-TP-PJ-L,,
B08VRRG8FV,J0101-DR-L,,
B096K458G4,J0213-TP-XS,,
B099NJ4MFZ,SET285-KR-SHA-M,,
B08V1843PT,J0144-SET-XXL,,
B09299Y3ZK,J0143-SET-A-XS,,
B0967PFQV3,J0208-DR-XL,,
B07TD8SX5Y,SET075-KR-DH-XXXL,,
B09K3W7XG8,JNE3791-DR-XXXL,,
B0965LQN27,J0214-TP-XL,,
B09Q18BBWR,SET342-KR-NP-N-L,,
B09SDY2618,SET307-KR-DPT-L,,
B08HK6FGN4,JNE3542-KR-M,,
B099NPNDHW,J0306-DR-L,,
B09RKD8HQK,SET350-KR-NP-M,,
B08N4VM1XX,J0189-TP-L,,
B08PCSTCGN,JNE3573-KR-S,,
B099NQFP1M,JNE3742-KR-XXL,,
B08B3YV7L2,SET183-KR-DH-L,,
B09TH6SLT5,SET396-KR-PP-S,,
B07FXGWSHQ,JNE1977-KR-237-XS,,
B09RKCJXRT,JNE3811-KR-M,,
B0965L3NVC,J0197-TP-M,,
B08N45JGMJ,J0176-TP-XL,,
B08HK4V5G7,JNE3471-KR-M,,
B097ZYJM6P,JNE3617-KR-L,,
B077Z7WM5Z,BL022-71BEIGE,,
B07P649QCD,SET043-KR-NP-XL,,
B081X21VCP,JNE3383-KR-A-XS,,
B08XVNX5LD,JNE3613-KR-XXXL,,
B08B3Y5NRM,SET218-KR-NP-XXXL,,
B085GC67TZ,BL099-XS,,
B09KXYQB8H,J0220-BL-XXL,,
B0922T5HVS,NW004-TP-PJ-XXL,,
B09KXV7YB4,SET351-KR-NP-M,,
B09M6V5WP2,J0380-SKD-M,,
B09LV1543L,JNE3817-KR-L,,
B09TH43WCQ,JNE3878-KR-XL,,
B09LTZZHG2,JNE3820-KR-S,,
B08RYPSVZK,J0119-TP-S,,
B08HK4B2K4,JNE3471-KR-S,,
B08B3YBJ97,JNE3454-KR-L,,
B09291BMPW,BL113-XXL,,
B0986XRKNX,J0337-TP-XS,,
B099S7L4YY,J0297-TP-XS,,
B081X6J7GN,JNE3435-KR-S,,
B07ZYP7WR7,JNE3348-KR-XXL,,
B07MY15Y3J,JNE3225-KR-XS,,
B0965KBGB5,J0214-TP-XXXL,,
B08MYT13YV,JNE3577-KR-M,,
B09B2CPK4P,JNE3447-KR-XS,,
B07MY3Q37Z,SET055-KR-NP-M,,
B09K3VN7M1,JNE3776-KR-M,,
B09K3NFPCM,SET329-KR-NP-XL,,
B099FBYHPK,JNE3704-KR-XXXL,,
B097ZZKJLB,JNE3617-KR-XXL,,
B091Q97C9S,JNE3619-KR-XXL,,
B099NPMJ4S,JNE3757-KR-L,,
B09K3BQV17,J0370-SKD-S,,
B091T8S3BP,JNE3709-DR-XXL,,
B09SDXPD7Q,JNE3799-KR-XXXL,,
B08MXBM5TV,JNE3566-KR-M,,
B08QGPFGKF,J0168-DR-S,,
B08RP2BV5Q,JNE3503-KR-XXXL,,
B09RKF7LQJ,SET346-KR-PP-XL,,
B08MYSJX83,JNE3564-KR-M,,
B092D2DFD6,J0082-TP-XL,,
B09HNRTMH9,J0348-SET-L,,
B08B4JL6ZR,J0048-TP-XL,,
B074SXTTRQ,JNE1975-KR-309-XXL,,
B07GPM2WZ9,JNE1234-MULTI-KR-032-XS,,
B074STXQ5K,JNE1975-KR-309-S,,
B08394PCPC,BL090-S,,
B09KXTN87W,J0252-SKD-XL,,
B092D2VC1X,J0091-TP-XXXL,,
B07RQSTQLK,JNE3256-KR-M,,
B07HYSKFJD,JNE2266-KR-490-A-XS,,
B08BJSCT99,J0104-KR-XXL,,
B0986YR2M9,JNE3691-TU-XXL,,
B08YYZJPWN,MEN5007-KR-XXXL,,
B08V197XLZ,J0152-DR-L,,
B0983CR8LT,SET258-KR-PP-S,,
B0925XHLX3,J0242-SKD-L,,
B09K3W8FYH,JNE3765-KR-XS,,
B08WHTBKNM,SET250-KR-SHA-XXL,,
B09RKCJQKH,JNE3810-KR-L,,
B098327WXY,JNE3707-DR-XL,,
B085GBVTPS,BL103-L,,
B08HK1DGRW,JNE3482-KR-XXL,,
B08YZ3MW5T,MEN5018-KR-M,,
B08QGLHPX3,J0164-DR-S,,
B09B2DCQH8,JNE3559-KR-XXXL,,
B09LV1R56R,JNE3822-KR-S,,
B0831746W2,JNE3427-KR-XXL,,
B09SDXB57D,JNE3879-DR-M,,
B085CF9PVJ,BTM033-NP-XS,,
B0943J9TKN,JNE3686-TU-M,,
B09BQJ9J1X,SET271-KR-NP-XXL,,
B0893FC8RW,JNE3429-KR-L,,
B08WJ2YNM8,SET253-KR-NP-S,,
B094FJXS28,J0196-TP-M,,
B07NV9YFRG,BTM008-XXL,,
B07BL2FBHJ,JNE2209-KR-498-A-XL,,
B09NQ7JF13,JNE3774-KR-XS,,
B08MXDM9RY,JNE3571-KR-M,,
B089G2JV7X,J0041-SET-XS,,
B089G291QB,J0093-DR-L,,
B0845TNXLX,BTM030-NP-S,,
B07SNP2Z5V,JNE3311-KR-M,,
B08W9MM8CG,SET246-KR-PP-S,,
B0928Z44H8,NW031-TP-PJ-S,,
B09RKCQ3VW,SET302-KR-PP-XXL,,
B08XNDFPP7,J0231-SKD-XXL,,
B09Q3JRY9C,JNE3816-KR-XL,,
B09VC5ZGD8,SET401-KR-NP-L,,
B07RSXBLYG,JNE3256-KR-S,,
B07861B3GW,BL004-50CHIKU-B,,
B08394X7HH,BL101-XS,,
B08394F166,BL102-XS,,
B07JL7ZXSN,JNE3030-KR-L,,
B08W1PHJSG,JNE3629-KR-XL,,
B09KXVMS1W,J0247-SKD-XXXL,,
B08ZJ297YM,JNE3640-TP-N-XL,,
B07R51PS5L,JNE3252-KR-XL,,
B08W9TLV6J,JNE3484-KR-L,,
B08ZHJYMGF,JNE3712-TP-N-S,,
B0965KC8S3,J0204-TP-XL,,
B081X25SZB,JNE3369-KR-L,,
B07GPGP46N,JNE1233-BLUE-KR-031-XXXL,,
B0785Q1NDR,BL006-54BLACK,,
B091Z61Y2K,J0147-SET-XS,,
B091Z5ZPXV,J0130-SET-M,,
B0845V6BD6,BTM030-NP-XS,,
B07VRCKGH7,SET130-KR-NP-XXXL,,
B09LTZD9DX,JNE3823-KR-M,,
B099NP3QRK,JNE3758-KR-L,,
B081WQ6MDB,JNE3435-KR-M,,
B07K5CC1S2,SET014-KR-PP-L,,
B08B4J5XQ7,J0048-TP-XXL,,
B08WPY2KWL,JNE3506-KR-S,,
B091YZNJMZ,J0081-DR-L,,
B099FB6TVV,JNE3720-KR-XS,,
B081X8C7PK,JNE3383-KR-A-XL,,
B09RKCY6NL,JNE3807-KR-XS,,
B09K3X5YQM,JNE3778-KR-L,,
B07R58DCC9,SET083-KR-PP-XXXL,,
B09439BXVY,JNE3678-TU-M,,
B08TH684BJ,SET252-KR-PP-S,,
B08MXC2FQ7,JNE3558-KR-S,,
B08B3YMCZK,J0005-DR-XXXL,,
B07FTHTK92,JNE1525-KR-UDF19BLACK-XXXL,,
B08MXC6QCP,JNE3575-KR-XXL,,
B099NLQDRK,JNE3760-KR-XL,,
B089G1HM97,J0096-KR-M,,
B083ZSKBP6,JNE3428-KR-M,,
B099NN72V6,JNE3760-KR-L,,
B09438K2GN,JNE3673-TU-S,,
B094FQ32VX,JNE3633-KR-XXXL,,
B08BFX1YN6,JNE3459-KR-XL,,
B089G2YCBM,J0033-KR-XXL,,
B07P65FDBT,SET043-KR-NP-L,,
B079WY7GRR,JNE2171-KR-437-XXL,,
B082W7GR36,JNE3432-KR-XXL,,
B099S7PKGZ,J0304-TP-XS,,
B08KRNXRKZ,BTM037-PP-XS,,
B08L3SDW49,BTM048-PP-XS,,
B09QJ5M6TX,J0375-SKD-XXL,,
B0768H3V5D,JNE2032-KR-205-L,,
B08KRWGLL8,JNE3431-KR-XXXL,,
B09TH851W5,JNE3878-KR-XXXL,,
B082W7W7W4,JNE3376-KR-XXXL,,
B083178QTX,JNE3425-KR-XXXL,,
B092D393D4,J0087-TP-XL,,
B07HWVCR9H,JNE3065-KR-XL,,
B0845R1SXW,BTM026-NP-S,,
B07R528PNR,JNE3270-KR-S,,
B09K3L9Z85,SET386-KR-NP-XXXL,,
B09439XZ7V,JNE3673-TU-M,,
B07SHCJLTR,JNE3313-KR-A-XXXL,,
B07Q2M14ZC,SET044-KR-NP-XXL,,
B08BFKFRNN,JNE3451-KR-XXXL,,
B09Y3FNR5D,SET357-KR-NP-XL,,
B092D2LWSQ,J0091-TP-XL,,
B083172M4H,JNE3403-KR-L,,
B07JG3SXR3,JNE2251-KR-537-XS,,
B07GRVXGV9,JNE2305-KR-533-S,,
B08KR9G4W1,BTM041-PP-S,,
B07K3432K9,JNE3160-KR-S,,
B08L948VR4,SET201-KR-NP-A-XS,,
B06Y5RHMBJ,JNE1906-KR-031-M,,
B09Q3KHWS5,JNE3816-KR-M,,
B08HK6668V,JNE3539-KR-M,,
B07T655XGF,JNE3363-KR-1032-M,,
B07JKZXBC3,JNE3144-KR-S,,
B0986XV48J,J0334-TP-XS,,
B082W7QGKH,JNE3466-KR-XS,,
B082W81SS9,JNE3404-KR-XXXL,,
B09G2SZTS6,NW027-TP-PJ-XXL,,
B0922T8G8P,NW015-TP-PJ-XXL,,
B09RKBN69K,JNE3806-KR-XXXL,,
B09K3TRPPR,J0369-SKD-XXL,,
B08XVSZ5DQ,JNE3611-KR-XS,,
B07MY3F2JF,SET051-KR-NP-XXXL,,
B08C331XDM,J0072-KR-XL,,
B08MYSGSY2,JNE3501-KR-XXXL,,
B07RSXNC91,SET062-KR-SP-M,,
B0894XL3JL,J0001-DR-XXL,,
B08L93NCRY,SET200-KR-NP-A-XXL,,
B09NDM5T7T,SET343-KR-NP-L,,
B091YF6SWP,J0185-DR-XS,,
B08HHJP5QF,JNE3458-KR-M,,
B0928YJ3TR,NW003-TP-PJ-XXL,,
B0983FGYF3,SET277-KR-NP-XS,,
B08F38HSQM,J0070-KR-M,,
B09K3TKBPK,JNE3803-KR-XS,,
B089G31L36,J0096-KR-L,,
B09HMYX9SJ,JNE3530-KR-XS,,
B08YZ3Q2B6,MEN5011-KR-XXL,,
B09KXPST3B,J0328-KR-XXXL,,
B0894X83SZ,J0007-SKD-XXL,,
B099S84F9Z,J0310-TP-XS,,
B09J1D1V6R,SAR041,,
B08MYT9TPL,JNE3562-KR-L,,
B08LGGL7GW,JNE3516-KR-E-L,,
B098133MK5,JNE3636-KR-L,,
B09K3X9NBV,JNE3788-KR-M,,
B084L3GC1D,JNE3413-KR-L,,
B09B2CLBQB,JNE3439-KR-XS,,
B07WV3H2CR,JNE3371-KR-XS,,
B08BFW22DK,JNE3459-KR-S,,
B09K3QJWWT,SET326-KR-PP-XXXL,,
B09811C2Q7,JNE3504-KR-M,,
B09RKDY4NQ,SET320-KR-NP-S,,
B09PDGB8RG,J0331-KR-M,,
B09K3VNXNN,J0369-SKD-XL,,
B08PCXTR1R,SET221-KR-NP-L,,
B0982Z5BL6,JNE3707-DR-M,,
B09B58X791,SET247-KR-SHA-XS,,
B08B3YNNM6,JNE3528-KR-M,,
B08ZHWQWSW,JNE3660-TP-N-M,,
B099FNDQK9,JNE3719-KR-L,,
B099RJ46LP,JNE3480-KR-L,,
B099NQWZJR,SET289-KR-NP-XS,,
B08YYXSP8X,MEN5007-KR-L,,
B07SSF223Y,SET038-KR-PP-XS,,
B09K3XWP9W,JNE3745-KR-M,,
B08N51R33N,J0134-SET-XS,,
B09434LP3S,JNE3675-TU-XL,,
B081WZCK5F,JNE3442-KR-XXL,,
B08BFN6TFG,JNE3530-KR-S,,
B08QGLS57Z,JNE3565-KR-S,,
B07R5WXSC2,JNE3270-KR-XXL,,
B0925WSV76,J0239-SKD-XL,,
B08W8T272T,JNE3486-KR-XS,,
B08ZJ1HDWL,JNE3640-TP-N-XS,,
B09HMV69VV,SET230-KR-PP-XS,,
B09W61915L,SET400-KR-NP-XS,,
B099WYGRYD,SET209-KR-PP-XL,,
B09RKF1CFD,SET378-KR-NP-L,,
B09Y32KY4Q,SET435-KR-NP-M,,
B099NR34S6,NW035-ST-CP-M,,
B07WS16S4C,JNE3365-KR-1052-A-XXL,,
B099NNFYVG,JNE3760-KR-M,,
B0986TKZJ3,J0205-TP-XS,,
B091GNZCG7,CH204-PURPLE-L,,
B091GMPYXL,CH213-BROWN-L,,
B08YYT6ZG2,MEN5028-KR-M,,
B07T542CKK,JNE3366-KR-1053-XL,,
B082Z3GMG4,SET156-KR-NP-XL,,
B082W7W7W3,JNE3376-KR-XL,,
B08HHJPRJC,JNE3471-KR-XS,,
B0965L4WB7,J0213-TP-S,,
B09K3H57D1,SET326-KR-PP-S,,
B08TZRQ1BG,J0160-TP-XXL,,
B091Q8N866,JNE3612-KR-M,,
B0922QTZQ5,NW012-TP-PJ-M,,
B07MY3TV42,SET048-KR-NP-M,,
B07FTLHGMY,JNE2171-KR-437-XXXL,,
B09299P1L9,J0143-SET-A-XXXL,,
B07SLYHMKL,SET087-KR-PP-S,,
B0893CPF7H,JNE3412-KR-XL,,
B09B3G2FC7,JNE3655-TP-XL,,
B0983CKB5Z,SET276-KR-PP-S,,
B093ZRY383,JNE3700-KR-XXXL,,
B08B3YDP12,J0011-LCD-XXL,,
B07JK3ZR8N,JNE2307-KR-572-XXL,,
B08B3Y713K,JNE3454-KR-S,,
B085GCLSBK,BL103-XS,,
B097ZZZWQN,J0354-KR-XXL,,
B074SP92C5,JNE1977-KR-237-L,,
B0922TLC46,NW008-ST-CP-M,,
B091Z7HBGC,J0147-SET-M,,
B07K31RBXQ,JNE3160-KR-XXXL,,
B07GRVC75J,JNE2291-KR-602-L,,
B099NQ7996,NW020-ST-SR-S,,
B099S8D35J,J0342-TP-XS,,
B082PTVM7K,SET154-KR-NP-XXXL,,
B09K3T5SZ9,JNE3778-KR-XL,,
B07JKQ3ZBT,JNE3030-KR-XS,,
B07RRXHL2K,SET062-KR-SP-S,,
B09KXVP5PC,SET321-KR-DPT-S,,
B09SF11ZXP,JNE3813-KR-XS,,
B09811HP4F,JNE3617-KR-XS,,
B09LV2CSNR,JNE3819-KR-M,,
B089G1R6M7,J0092-SET-XXXL,,
B0925VZX2V,J0239-SKD-S,,
B08HK5QBX9,JNE3452-KR-XS,,
B09KRS7JSJ,SET306-KR-PP-XXL,,
B0965LTYBS,J0201-TP-XL,,
B0922QY1KW,NW029-ST-SR-S,,
B091GNPJYX,CH202-ORANGE-L,,
B08V1S2G4V,J0180-DR-XXL,,
B09K39CKVP,SET293-KR-NP-L,,
B09KXVBNQM,SET300-KR-NP-XXXL,,
B08W9PLWHQ,JNE3522-KR-XS,,
B08MXSM5QM,SET230-KR-PP-L,,
B099NMY9CB,JNE3756-KR-XXL,,
B08ZJPF7DD,JNE3643-TP-N-XL,,
B085Y521PJ,BTM021-B-L,,
B085Y4D6P6,BTM002-B-L,,
B08MYTT6CV,JNE3562-KR-M,,
B07ZYT498K,JNE3323-KR-A-XS,,
B08394MN1D,BL101-XXL,,
B08YYY9W7R,MEN5006-KR-S,,
B081WYYM3B,JNE3441-KR-S,,
B07R66H6TQ,SET058-KR-NP-XXL,,
B07JGMS1PN,JNE2132-KR-398-XS,,
B0981118H4,JNE3500-KR-M,,
B09K3WVV5F,JNE3749-KR-XL,,
B0928WXHXF,NW007-ST-CP-XXL,,
B09VZ6HK5S,SET403-KR-NP-XL,,
B083SMQCTY,JNE3400-KR-XS,,
B0983NWPWX,JNE3610-KR-XXXL,,
B099F9SKHN,JNE3714-KR-XS,,
B09K3XXDMV,JNE3778-KR-XS,,
B09811YYND,JNE3581-KR-L,,
B07WP5J1L6,JNE3364-KR-1051-A-XS,,
B09RMXRBNW,JNE3864-TU-L,,
B09HNQ6HWH,JNE3726-KR-XXL,,
B082Z4F2M9,SET156-KR-NP-L,,
B08PVV7BC2,J0106-KR-S,,
B08ZHJW9M4,JNE3656-TP-N-M,,
B09K3XCM24,JNE3763-KR-XXXL,,
B099NL8895,JNE3714-KR-XXL,,
B089G1TBQK,J0025-DR-XXL,,
B0965LLVNN,J0195-TP-XXXL,,
B07VSG39K4,SET132-KR-NP-M,,
B08N498WCX,J0117-TP-XXXL,,
B097ZYSHFF,JNE3614-KR-XXL,,
B09HMQH2PN,JNE3549-KR-XXXL,,
B07GRVDT51,JNE2291-KR-602-S,,
B08HK4SWMY,J0062-DR-XS,,
B08C33D7SX,J0072-KR-XXXL,,
B07ZYSRRQR,JNE3348-KR-M,,
B091Q8BNLR,JNE3615-KR-XL,,
B08W9KC8JH,SET194-KR-NP-XXL,,
B08RYRFYSP,J0120-TP-XL,,
B08B3YJKM6,JNE3523-KR-XL,,
B09RKGYNF1,J0248-KR-DPT-XS,,
B08HK5C45Z,SET196-KR-NP-XL,,
B08TZQ2BWR,J0184-KR-A-L,,
B07K5BVN7P,SET004-KR-SP-A-XXXL,,
B07P5RZF61,JNE3255-KR-XS,,
B0922SDB6D,NW005-ST-PJ-XS,,
B08MXBV2CM,JNE3554-KR-L,,
B08MYTCGT9,SET232-KR-PP-L,,
B085H8DX1L,JNE3395-KR-S,,
B0928X21RD,NW013-ST-SR-XXL,,
B08YYTK7V1,MEN5020-KR-S,,
B07X3ML5BM,SET131-KR-NP-A-L,,
B09KXTJ2YP,SET351-KR-NP-XL,,
B08ZJ1DG4L,JNE3668-TP-N-XL,,
B099NRKCZ1,J0298-DR-XS,,
B099NRF6HZ,NW022-TP-PJ-XXL,,
B0822V3DMF,SET145-KR-NP-XL,,
B0982ZV9GB,J0333-DR-M,,
B0986ZWRKC,J0205-TP-S,,
B08L3RT8Q6,BTM047-PP-XXL,,
B08CMXZQR6,J0095-SET-S,,
B08QGRXTC2,J0172-TP-XL,,
B0965JVB95,J0214-TP-M,,
B09298GWKW,J0143-SET-A-S,,
B082W8HC1X,JNE3416-KR-XXL,,
B09PDPD1GM,JNE3833-KR-M,,
B08ZJFBTTH,JNE3712-TP-N-XS,,
B09VC71N98,SET401-KR-NP-XXXL,,
B082Z3S2WD,SET138-KR-PP-XS,,
B08QGN4BSR,J0277-SKD-XS,,
B07M5S95B1,JNE2321-KR-576-L,,
B09K3RBK4N,JNE3771-KR-M,,
B07R3KLK6T,JNE3273-KR-XL,,
B08B3GTCBN,SET219-KR-PP-S,,
B08V1886WQ,J0131-KR-XS,,
B0893DN1TK,JNE3438-KR-XL,,
B0965LRP2M,J0202-TP-XL,,
B0987186SZ,J0340-TP-XL,,
B08WJ1BGPD,SET250-KR-SHA-XS,,
B09B2CTXJF,JNE3528-KR-XXXL,,
B09268QCDQ,J0238-LCD-XXXL,,
B092D415LK,J0087-TP-S,,
B08V13BW4V,J0110-SKD-S,,
B076SFFZPQ,JNE1234-MULTI-KR-032-XXL,,
B081WX8QDV,JNE3420-KR-L,,
B08LDMP63D,JNE3474-KR-E-S,,
B09J57GQ8Q,JNE09186-BLUE-SR-JP7104RMV-K,,
B09NDJD5NM,SAR092,,
B09NDGT4NH,SAR110,,
B08B3YGVYH,JNE3507-KR-XXL,,
B0922TV3GG,NW032-ST-CP-M,,
B08XNFBHSL,J0233-SKD-XS,,
B08MYV41PX,JNE3501-KR-XS,,
B08HK5YRVZ,SET196-KR-NP-XXXL,,
B07R5YKMJG,JNE3270-KR-XL,,
B01MZGYNRV,JNE1525-KR-UDF19BLACK-M,,
B09LV157VP,JNE3735-KR-XL,,
B07HWR4P68,JNE2265-KR-501-XXL,,
B0965L34JW,J0214-TP-L,,
B08BF6BBQF,JNE3457-KR-XL,,
B09B79FSXM,NW038-ST-SR-XXL,,
B09QJ55538,J0376-SKD-XXXL,,
B077Z29TJ4,BL036-176GOLD,,
B097ZZYYVB,JNE3515-KR-XS,,
B09Y3F5F8Q,SET335-KR-NP-M,,
B09VC3ZTLM,JNE3881-DR-XL,,
B097ZZBYKN,JNE3602-KR-XXL,,
B09HMP59HN,SET230-KR-PP-XXXL,,
B08B3YWFMD,JNE3454-KR-XXXL,,
B09LTYWQYH,JNE3825-KR-S,,
B09TZZ96LZ,JNE3887-KR-XXXL,,
B082Z3C8MW,SET138-KR-PP-XXXL,,
B09Q3J2STT,JNE3816-KR-L,,
B08MYP9Y4L,J0178-TP-XS,,
B09RKF8QYM,SET395-KR-NP-XXXL,,
B099NQYWRH,NW035-ST-CP-S,,
B0986ZCF8X,JNE3655-TP-XXL,,
B08YZ2SBPM,MEN5029-KR-L,,
B089G1R8HG,J0092-SET-XS,,
B0899ZV557,JNE3524-KR-M,,
B08B3ZDQYR,SET187-KR-DH-L,,
B07SN3QXPH,SET069-KR-NP-XS,,
B08L9279XD,SET200-KR-NP-A-XL,,
B09RKD2FDC,SET350-KR-NP-XXL,,
B08TZVXPSH,J0184-KR-XS,,
B0743K7MJK,JNE1525-KR-UDF19-A-M,,
B07HWR8GQQ,JNE2265-KR-501-M,,
B08KRYLJB5,JNE3431-KR-S,,
B08YNTF3X3,J0077-SKD-S,,
B09NQ4SBZ4,SET332-KR-PP-M,,
B099RHVPDW,JNE3480-KR-S,,
B09HNRBVMT,J0348-SET-XL,,
B091GK5Y64,AN202-ORANGE-XXL,,
B08B3ZSWW6,J0011-LCD-XS,,
B0922SLD43,NW012-TP-PJ-XXL,,
B09QJ4PPQ4,J0375-SKD-S,,
B08V12MVVT,J0131-KR-XXL,,
B09TH43NW5,JNE3800-KR-A-L,,
B08L93L6WQ,SET193-KR-NP-A-XL,,
B08YYW6DX7,MEN5030-KR-XL,,
B09B2CHTQK,JNE3436-KR-XS,,
B08V1HFN61,J0112-TP-L,,
B091Z82BFF,J0186-SET-L,,
B08BF1N29N,JNE3451-KR-XL,,
B089B2FCHV,SET147-KR-NP-S,,
B08XW3RW7P,JNE3613-KR-M,,
B09RKBVL7Y,JNE3836-KR-XL,,
B083SNBTL8,JNE3400-KR-XXL,,
B09SDZCJ3C,JNE3880-DR-L,,
B09812LVD9,JNE3617-KR-XXXL,,
B09K3VJPTV,JNE3767-KR-L,,
B09KXVF8JD,SET318-KR-SHA-L,,
B085Y4DSZY,BTM002-B-XXXL,,
B08QGMNRBX,J0135-SET-XXXL,,
B09J1BQQQ7,SAR071,,
B07SRG8NBC,SET038-KR-PP-L,,
B09VZ4SQXS,SET403-KR-NP-S,,
B0922TCTTB,NW005-ST-PJ-L,,
B08XQBSZT6,SET245-KR-NP-XL,,
B07RRV944D,JNE3256-KR-L,,
B082W7QZS4,JNE3408-KR-L,,
B09RKD9PDZ,SET392-KR-NP-S,,
B07S9X8RML,BL073-85BLACK,,
B08YZ1YZ95,MEN5003-KR-XL,,
B08MYV1CVX,JNE3563-KR-S,,
B07RPVT7M1,SET062-KR-SP-L,,
B07MY3QM3X,SET037-KR-NP-XXXL,,
B08QGNMLBH,SET243-KR-PP-S,,
B0965KY2RY,J0201-TP-M,,
B09QJ4HQK8,SET364-KR-NP-XS,,
B099NN5C2K,JNE3756-KR-M,,
B0986X41ZD,JNE3743-TP-L,,
B09LD3MJ49,PJNE2171-KR-N-4XL,,
B0845T95ZG,BTM031-NP-XS,,
B09832KF8C,J0211-DR-XL,,
B099FC1CGC,JNE3759-KR-XXL,,
B0922SP1DH,NW008-ST-CP-XXXL,,
B0965JVZNJ,J0214-TP-XXL,,
B0943KRMLF,JNE3670-TU-S,,
B08MXB2LQ4,JNE3557-KR-S,,
B099S63J5M,J0310-TP-M,,
B08N4VPS2N,SET240-KR-PP-L,,
B09HMYVB7S,SET236-KR-PP-XS,,
B0743FN66G,JNE1525-KR-UDF19-A-XXL,,
B089G2TPXW,J0093-DR-XS,,
B091Z5RPMW,J0129-SET-XS,,
B0986XWPC1,J0205-TP-M,,
B092D4TSY6,J0116-TP-S,,
B07FXJD2J3,JNE2170-KR-436-XS,,
B0822VKPVF,SET153-KR-NP-XS,,
B08MX88RFP,JNE3549-KR-S,,
B07WV3LBWZ,JNE3366-KR-1053-A-L,,
B07K5BD23T,SET014-KR-PP-XXXL,,
B08N1BDJ4G,J0151-KR-S,,
B09B55ZXXQ,J0291-JS-XS,,
B09432TL5Y,JNE3674-TU-XL,,
B099NJCVDY,SET286-KR-NP-S,,
B09KXV5H38,SET334-KR-NP-M,,
B099FD4Y3L,JNE3758-KR-M,,
B07WS16X57,JNE3351-KR-XL,,
B099NMSYJW,JNE3719-KR-M,,
B08N19XG53,J0150-KR-S,,
B08ZJ5RSCH,JNE3659-TP-N-XS,,
B08V1F6TFP,SET242-KR-PP-S,,
B07JNC1HN8,SET014-KR-PP-XS,,
B08MYSVSSZ,JNE3574-KR-XXL,,
B0894X66X2,J0001-DR-XXXL,,
B08YYSTGZ7,MEN5003-KR-M,,
B08F3BMYQJ,JNE3489-KR-L,,
B07MY51C7G,BTM003-M,,
B089B18K7K,JNE3524-KR-L,,
B07Q2SYHKY,SET044-KR-NP-XXXL,,
B099NN3757,JNE3719-KR-S,,
B092D2BJ6Q,J0090-TP-XXL,,
B085Y4WV5M,BTM002-B-XL,,
B09TH5ZYPD,SET396-KR-PP-XXXL,,
B08QGMDXWB,J0164-DR-L,,
B09M6VZLVN,J0381-SKD-M,,
B08LG54ZYV,JNE3516-KR-E-M,,
B09RKF2T14,SET340-KR-NP-XXXL,,
B0922SVW74,NW009-ST-CP-L,,
B08QGKW666,SET243-KR-PP-M,,
B089G2B1FV,J0096-KR-XXXL,,
B09Y262R3Y,JNE3896-KR-XXXL,,
B09LTZF5DM,JNE3825-KR-XS,,
B08TZWD17Q,SET239-KR-NP-XS,,
B099FC3RRC,JNE3760-KR-XXXL,,
B099S6YS1J,J0297-TP-L,,
B08KRT33W1,JNE3431-KR-L,,
B093ZS8LF7,JNE3700-KR-L,,
B09K3DV5W2,J0370-SKD-XS,,
B09M74PCGS,NW036-ST-SR-M,,
B09KXVCT3B,SET321-KR-DPT-XL,,
B09M6RXQZF,J0381-SKD-XS,,
B09RKBD7GW,JNE3806-KR-XS,,
B09CT7BX8Q,J0351-SET-XS,,
B08XQB8BZQ,SET249-KR-NP-XL,,
B07HWPYY3S,JNE3065-KR-S,,
B08PCSD2JX,SET221-KR-NP-XXXL,,
B09Y3GBB15,SET357-KR-NP-S,,
B099S8831Z,JNE3708-TU-XXXL,,
B07V7CJYCG,SET073-KR-SHA-XXXL,,
B09HMK3P9S,JNE3730-KR-M,,
B0982ZGS3L,J0210-DR-XXL,,
B09BQL9KY1,SET267-KR-NP-S,,
B0922V1KM4,NW002-TP-PJ-S,,
B0922T4KGR,NW012-TP-PJ-XS,,
B08YZ3FBFL,MEN5029-KR-S,,
B0986Y2447,J0334-TP-XXXL,,
B09RKF56HF,SET322-KR-SHA-XS,,
B08B3Y2TWH,JNE3473-KR-XS,,
B07SRFXYTT,SET072-KR-SHA-S,,
B07R521KG3,JNE3253-KR-M,,
B07WV4M3RF,JNE3365-KR-1052-A-XL,,
B09B2DB2CS,JNE3531-KR-XXXL,,
B08QGSPBM9,J0181-TP-S,,
B07SQC8DGP,SET038-KR-PP-XXL,,
B07MY19YD4,JNE3225-KR-XXXL,,
B07569HSRZ,JNE2009-KR-310-XL,,
B08N4RVGKZ,SET240-KR-PP-XXXL,,
B09831RQBB,J0212-DR-XXL,,
B085GBW2CJ,BL098-XS,,
B089G2WV99,J0019-SET-S,,
B0986ZTQV1,J0205-TP-XL,,
B08P1FDPBY,SET228-KR-PP-A-S,,
B08YZ2V39J,MEN5018-KR-S,,
B09J56Z8L7,JNE0722-K,,
B092D4VYR4,J0087-TP-XXL,,
B082Z42KS9,SET156-KR-NP-M,,
B08YYYD4ZL,MEN5026-KR-S,,
B08MYVBGLF,SET204-KR-DPT-XXL,,
B07WZFV47X,SET111-KR-SP-XXL,,
B09K3XTLXT,JNE3766-KR-XXXL,,
B0894XC1H5,J0015-DR-S,,
B0922SY9SQ,NW006-ST-SR-S,,
B08BK5VQ9B,J0053-KR-XS,,
B0893FS7QX,JNE3407-KR-XXL,,
B09KXR6L97,JNE3751-KR-M,,
B08HK63TCN,JNE3544-KR-M,,
B09QJ51MBL,J0376-SKD-XL,,
B09SDX8QRT,JNE3879-DR-XL,,
B082W86PT4,JNE3404-KR-S,,
B09K3QBQR8,SET297-KR-NP-XXL,,
B09K3ZCJF6,JNE3782-KR-L,,
B09RSSRWPJ,SET339-KR-NP-M,,
B09TZXBKLL,JNE3866-KR-L,,
B09TZX4Y85,JNE3866-KR-XL,,
B09M6VQ762,J0228-SKD-XXL,,
B083SMDZ48,JNE3394-KR-XXL,,
B08QGLYLHL,SET229-KR-PP-XS,,
B08F39CNXK,JNE3489-KR-XL,,
B099S7RJ69,J0297-TP-M,,
B09RSV9VD7,SET339-KR-NP-XL,,
B08C35KN3J,J0049-TP-XXL,,
B08HHJNRQT,JNE3452-KR-XXL,,
B08TZYXKQZ,J0131-KR-L,,
B091Q94RXT,JNE3612-KR-XXXL,,
B09QJ53XSR,J0378-SKD-XL,,
B09RKCYB2Z,SET378-KR-NP-M,,
B09DY955N9,J0347-SET-XXL,,
B0786227MX,BL025-74BLACK-B,,
B089B15CM6,SET143-KR-PP-M,,
B09RKCYVVH,JNE3810-KR-XXXL,,
B09BQGSLYN,SET271-KR-NP-XS,,
B07SNPJPMV,JNE3313-KR-S,,
B07HYT4LFQ,JNE2291-KR-602-XS,,
B091YG5HG6,J0187-KR-S,,
B09X1V55VZ,SET404-KR-NP-XS,,
B09TZSKKZL,JNE3894-TP-XL,,
B09RKBPP3G,JNE3806-KR-XL,,
B09K3WR75H,SET305-KR-DPT-S,,
B08MYS1L63,JNE3501-KR-S,,
B09KXTPQ1K,J0251-SKD-S,,
B09KXSX7P9,J0247-SKD-M,,
B09B2FFZR8,JNE3531-KR-XS,,
B09LTZKSVP,JNE3818-KR-XS,,
B09K3T12TK,JNE3783-KR-XXL,,
B0893DRCK6,JNE3438-KR-XXL,,
B094368WZ8,JNE3674-TU-M,,
B09434WK43,JNE3673-TU-XXXL,,
B0845P3X9W,BTM031-NP-XXL,,
B07VRCLKW6,SET132-KR-NP-XL,,
B099S7P9S7,J0297-TP-XL,,
B0845QZJCL,BTM029-NP-XXXL,,
B09RKFB4BJ,J0248-KR-DPT-XXL,,
B09K3Y33FM,JNE3776-KR-XXXL,,
B099NRMYJF,NW037-TP-SR-XL,,
B09B54N3CV,J0291-JS-XL,,
B08L93M23B,SET193-KR-NP-A-S,,
B09TH6LGG8,JNE3838-KR-XS,,
B08PCLJNBK,SET221-KR-NP-S,,
B08HK4KP9K,SET196-KR-NP-S,,
B08MXF6PS9,JNE3576-KR-XL,,
B08L933XKQ,SET193-KR-NP-A-XXL,,
B08XNJNFQ1,J0079-SKD-L,,
B09296NJ5N,J0083-KR-XXL,,
B08L93S2L1,SET205-KR-DPT-A-XS,,
B09QJ3LB23,J0377-SKD-S,,
B08QGLJFSH,JNE3565-KR-XXL,,
B08B4T2CTJ,J0002-SKD-XS,,
B08394G93P,BL090-M,,
B09438M9DD,JNE3658-TP-XXL,,
B0781K495T,BL021-71BLACK-B,,
B0822V6CZC,SET172-KR-PP-B-S,,
B08YYVHV6H,MEN5016-KR-M,,
B099NNFTRD,JNE3717-KR-XXL,,
B07R52BR8Q,JNE3265-KR-S,,
B07S8W5MFP,JNE3334-KR-S,,
B09291MM7W,NW003-TP-PJ-S,,
B09KXTYSN7,SET353-KR-NP-S,,
B08QGNS6CD,J0283-SET-S,,
B0928XLFKC,NW003-TP-PJ-XS,,
B08QJN1DQJ,JNE3601-KR-XL,,
B09TH59KYD,JNE3800-KR-A-M,,
B08316YQ82,JNE3425-KR-XXL,,
B099FC29HL,JNE3756-KR-XXXL,,
B07ZYSBXJ7,JNE3323-KR-A-L,,
B08N1CG5PF,J0179-KR-XS,,
B082W82DQY,JNE3376-KR-XS,,
B09HNQRDTK,JNE3726-KR-XS,,
B081X83TG6,JNE3369-KR-XS,,
B081X6FK8B,JNE3434-KR-S,,
B099S91CSR,J0297-TP-XXL,,
B09Y346GRB,SAR166,,
B08N19RF53,J0132-KR-L,,
B091HW1R6V,CH205-YELLOW-S,,
B099F9VBVH,JNE3740-KR-XS,,
B08RP1Z6L4,JNE3487-KR-S,,
B09M73DZ85,JNE3786-KR-XS,,
B08WHTGGB9,SET244-KR-NP-XXL,,
B09K3K1RXH,SET303-KR-NP-L,,
B09SDXZD3S,JNE3879-DR-XS,,
B09QJ6676Y,SET388-KR-NP-XXL,,
B099FBCMG3,JNE3760-KR-XXL,,
B09K354Z3F,SET326-KR-PP-L,,
B08YZ15PCJ,MEN5031-KR-XL,,
B08YZ2GWTM,MEN5021-KR-XXXL,,
B0986YY8CV,JNE3743-TP-XL,,
B0943HZN38,JNE3670-TU-L,,
B08MYTNW25,JNE3606-KR-M,,
B07X1KKD5F,SET131-KR-NP-A-M,,
B081X19MSK,JNE3383-KR-A-S,,
B0986XZV1N,JNE3691-TU-XXXL,,
B08B3Z2567,JNE3473-KR-L,,
B08BFVVNPM,JNE3457-KR-M,,
B09RKD3P4J,JNE3837-KR-XXL,,
B0986ZQPWN,JNE3687-TU-XXL,,
B09K3W19YL,JNE3802-KR-XXL,,
B08L3S54PN,BTM044-PP-XS,,
B08KRFX142,BTM040-PP-XS,,
B08L3SSHSS,BTM043-PP-XS,,
B099NKQ22W,SET289-KR-NP-L,,
B081WTGZ3T,JNE3422-KR-M,,
B092D2LPT3,J0089-TP-XS,,
B092D45HNG,J0087-TP-XS,,
B098374ZNB,JNE3707-DR-L,,
B08ZHXGHTJ,JNE3649-TP-N-XS,,
B0983DKTXR,SET281-KR-PP-S,,
B08XNH9MJL,J0230-SKD-XXXL,,
B08YZ34X4D,MEN5006-KR-M,,
B08TZP82R2,J0110-SKD-XL,,
B09LM6QD6B,J0332-DR-L,,
B09KXT94JQ,SET318-KR-SHA-XL,,
B08QGKV5QF,JNE3565-KR-L,,
B07MXZV197,JNE3225-KR-XL,,
B081WT8M3L,JNE3441-KR-L,,
B08CDQJ7CN,JNE3467-KR-XXXL,,
B08HK3XSKF,JNE3458-KR-XXXL,,
B09B28JKB2,JNE3400-KR-XXXL,,
B085HGPLY2,JNE3402-KR-L,,
B09K3MP21Q,SET308-KR-PP-S,,
B08393CKD1,BL090-XXL,,
B09M6V293L,J0249-SKD-XXXL,,
B09SDYPVSS,J0400-DR-XXL,,
B07FTL5YM7,JNE1525-KR-UDF19BLACK-XS,,
B08KRXQRTY,JNE3431-KR-M,,
B08CDPGHC6,JNE3467-KR-M,,
B07MY3Z5CQ,SET053-KR-NP-XXXL,,
B09K3YPZ8K,JNE3753-KR-L,,
B0922V8Y91,NW006-ST-SR-L,,
B09Y3FN5LQ,SET357-KR-NP-XS,,
B099NQ6GD9,NW038-TP-SR-L,,
B0822TK32Y,SET171-KR-NP-XXL,,
B08XVT2HP4,JNE3613-KR-S,,
B09B2FWMBZ,JNE3491-KR-XS,,
B08QGKP8JT,J0284-SKD-M,,
B08B3Z4F92,SET218-KR-NP-S,,
B08MXCJC5Z,JNE3571-KR-XXL,,
B09TH5J938,JNE3838-KR-S,,
B092972M7K,J0083-KR-S,,
B09KXV2VPQ,J0247-SKD-XXL,,
B082Z4B741,SET158-KR-PP-XXL,,
B0983FLKZR,SET281-KR-PP-M,,
B099NP47VY,SET289-KR-NP-M,,
B07R3KNV9X,JNE3270-KR-XXXL,,
B09B3HCC9V,JNE3655-TP-XS,,
B083ZZZ7W5,JNE3396-KR-M,,
B09M6T4XYC,J0249-SKD-S,,
B099NS6GHG,J0306-DR-XS,,
B09TZS8QXG,JNE3894-TP-XXXL,,
B07818CHQF,BL003-50BLACK-B,,
B09B2CTWQN,JNE3528-KR-XS,,
B09KXVHL6D,SET318-KR-SHA-S,,
B099FBV492,JNE3738-KR-L,,
B08V17QS8H,J0140-SET-XL,,
B099NRPNJB,J0305-DR-S,,
B07S8VF4MB,BL074-85RED,,
B08V151HB2,J0184-KR-S,,
B09KXQJYNP,JNE3733-KR-M,,
B0781K44SD,BL029-78BLACK-B,,
B09SDXCXCX,J0397-DR-L,,
B09263P7N6,J0243-DR-XXL,,
B08V167DLB,J0188-KR-XS,,
B09J1C4WGF,SAR062,,
B099NTC7HP,NW022-TP-PJ-L,,
B09TY1HFLG,J0413-DR-M,,
B08L3SQMDS,BTM042-PP-XXXL,,
B08QGJWRRZ,J0135-SET-XL,,
B08N4PKZV6,J0153-DR-XL,,
B08WJ251NJ,J0232-SKD-L,,
B094FMN5Y6,SET273-KR-NP-L,,
B0822TK3YM,SET144-KR-NP-L,,
B091GMXLR2,CH208-MUSTARD-L,,
B07JL9S978,JNE3042-KR-XXL,,
B097ZZV2GF,JNE3694-KR-S,,
B08MYT1MTD,SET226-KR-PP-XXL,,
B0899CR21G,J0036-TP-XS,,
B09SDYL517,J0397-DR-XXXL,,
B0822W6T1C,SET172-KR-PP-B-XL,,
B09RKD8TMG,SET333-KR-DPT-XXXL,,
B07S1GCLW3,SET094-KR-NP-L,,
B08N1C4N6W,J0175-KR-XXXL,,
B0983F3WPM,SET276-KR-PP-XL,,
B09KXVHQ51,J0251-SKD-XL,,
B08YYZKDDX,MEN5013-KR-XXL,,
B09KXTBR4J,SET316-KR-DPT-XXL,,
B09SDY3L6Y,J0400-DR-L,,
B09RKCDT2C,SET350-KR-NP-XS,,
B09QJLKZ62,SET369-KR-NP-S,,
B09293P4X2,J0083-KR-XXXL,,
B08MX62LLZ,JNE3566-KR-L,,
B09M76Q8J8,NW039-TP-SR-XXXL,,
B099NNPT98,NW035-ST-CP-XXL,,
B082W7JNJN,JNE3398-KR-S,,
B0822SZ9FN,SET144-KR-NP-XL,,
B09KXRZLQ4,JNE3751-KR-L,,
B09G2SB72S,NW027-TP-PJ-M,,
B08MYVNL2Q,JNE3501-KR-XL,,
B08PCVJ5XF,SET238-KR-PP-M,,
B09B2H6RWT,JNE3535-KR-XXXL,,
B08HHJMPMR,JNE3452-KR-M,,
B08MX9XSXD,JNE3555-KR-XL,,
B07FTQ4S8H,JNE1525-KR-UDF19-A-XXXL,,
B07V7BR2GL,SET073-KR-SHA-XS,,
B089G2R4JT,J0020-SET-XXXL,,
B09RMW6THB,JNE3864-TU-XXXL,,
B09811RSZV,JNE3602-KR-XL,,
B09LTZT1H3,JNE3819-KR-XXL,,
B08RYS3V42,J0120-TP-XXXL,,
B092D392CB,J0111-TP-XXL,,
B09K3XCKWK,JNE3727-KR-XL,,
B097ZZTMZG,J0352-KR-M,,
B08WPS7TQS,JNE3506-KR-XL,,
B09KXVFM3B,J0220-BL-S,,
B081X3C299,JNE3436-KR-S,,
B077Z5QSRD,BL029-78BLACK,,
B08YYZ9MFV,MEN5026-KR-XXL,,
B09812PZ52,JNE3614-KR-S,,
B0986XNNKR,J0340-TP-XXXL,,
B09PD6BR4C,JNE3833-KR-XXL,,
B09RPMG3DD,SET409-KR-NP-M,,
B08YYSRPY4,MEN5005-KR-L,,
B08V1JBYV9,J0126-SKD-XS,,
B091Q8446G,JNE3619-KR-M,,
B07RRX2NPB,JNE3256-KR-XS,,
B09B2FFF2X,JNE3623-KR-XS,,
B07T65YSP5,JNE3366-KR-1053-XS,,
B08WJ1CQC4,SET244-KR-NP-L,,
B09K3Y5GPG,JNE3766-KR-XL,,
B09B55JKC7,J0291-JS-M,,
B09QJ3R132,SET364-KR-NP-XL,,
B081WS1W2K,JNE3422-KR-L,,
B0822SHZ5K,SET144-KR-NP-S,,
B09KRSZ477,SET306-KR-PP-L,,
B08MYSDK2X,JNE3562-KR-S,,
B089G2LW3H,J0094-KR-XS,,
B07ZYSMQC2,JNE3323-KR-A-XL,,
B08TZXGHYY,J0140-SET-S,,
B082Z3SBDX,SET116-KR-NP-S,,
B081WYDGT4,JNE3445-KR-S,,
B08QGQD1QQ,J0172-TP-M,,
B09HMSPY2J,J0102-SKD-XXL,,
B093ZRGJHX,JNE3700-KR-S,,
B07Q2M4W2P,SET044-KR-NP-S,,
B07C3GJHH2,JNE2251-KR-537-XL,,
B09RKF8L5N,SET392-KR-NP-XL,,
B01M23RFPO,JNE1408-GREY-KR-UDF19-XL,,
B08MYT6X3H,J0149-KR-S,,
B099S7XHLQ,J0300-TP-XXL,,
B09K3XW1PK,JNE3778-KR-M,,
B08PCS3W6R,JNE3573-KR-XXL,,
B0925X7FMC,J0244-SKD-XS,,
B08N4NJQ4G,J0118-TP-XS,,
B09RMQ4JMW,JNE3863-TU-XS,,
B0929369N5,J0159-DR-XXXL,,
B08TZD8JD6,SET239-KR-NP-S,,
B09RKDZ5FK,SET346-KR-PP-XS,,
B09RPHN8KX,SET263-KR-NP-XS,,
B09VC5W6KP,SET402-KR-NP-XS,,
B09M6S8ZRW,J0380-SKD-S,,
B09SDXYXVK,JNE3813-KR-XXXL,,
B099NGR5NV,SET285-KR-SHA-XL,,
B07MY36NVG,SET055-KR-NP-XXL,,
B09NQ7C4P4,JNE3774-KR-M,,
B07MY4NZ9F,BTM002-L,,
B08MX9XCTX,JNE3556-KR-S,,
B09RKF8XF8,J0224-SKD-XXL,,
B0965L8LQ2,J0204-TP-XS,,
B0831755RK,JNE3427-KR-XL,,
B0845Z2Z4C,BTM030-NP-XXXL,,
B09RKDZMXL,J0248-KR-DPT-S,,
B091GLK499,CH209-BIEGE-XL,,
B09Q3JJCB6,JNE3834-KR-S,,
B09831QQ89,J0209-DR-XL,,
B07MY3J748,SET034-KR-NP-XL,,
B09SDY42WF,JNE3860-DR-XXL,,
B0893F2ZVM,JNE3407-KR-XS,,
B09NDKSD4G,SET323-KR-NP-XS,,
B07F1K2Q44,BL060-75RED,,
B09K3R68LB,JNE3782-KR-M,,
B08TH9KJM2,JNE3608-KR-XL,,
B08YNSD6XG,J0077-SKD-XXL,,
B07FXZ6BBZ,JNE1977-KR-237-XXXL,,
B08VWRSTXS,J0103-SKD-XXXL,,
B09SDX9ZF5,J0400-DR-S,,
B08V1RWYZ2,J0112-TP-XXXL,,
B08MYVVD2B,JNE3550-KR-S,,
B098117KSN,JNE3725-KR-S,,
B09TZTQMGC,SET338-KR-NP-L,,
B099S5GKVK,J0307-TP-XL,,
B08YYYPQCT,MEN5028-KR-S,,
B099NKCVH4,SET274-KR-PP-M,,
B08L93CWQP,SET205-KR-DPT-A-M,,
B0822VVHCN,SET144-KR-NP-M,,
B08P1FDB86,SET228-KR-PP-A-L,,
B081WYWGQS,JNE3447-KR-L,,
B08QGM5R4G,J0163-SKD-XS,,
B08L3T3RLL,BTM045-PP-XXXL,,
B09KXS1T5Z,JNE3789-KR-M,,
B08PV456CQ,J0290-CD-XXL,,
B099NQHYPF,NW033-ST-CP-XXL,,
B09RKCY6NK,JNE3787-KR-XL,,
B099F9QP5S,JNE3637-KR-XXL,,
B09B2JDHPK,JNE3574-KR-XS,,
B08W29LBSS,JNE3622-KR-S,,
B0922S1Q9W,NW028-TP-PJ-XL,,
B082W7VNVX,JNE3466-KR-L,,
B08WHYM2X9,SET250-KR-SHA-S,,
B09CSZ4KCC,JNE3630-KR-L,,
B099FBZ2J1,JNE3704-KR-XXL,,
B07SG84CMM,JNE3311-KR-L,,
B07S9YCXW1,JNE3339-KR-XS,,
B08BFB2ZSC,JNE3451-KR-M,,
B08MXB8N8X,JNE3555-KR-M,,
B07RPVRTYW,SET062-KR-SP-XL,,
B0922T8QH2,NW002-TP-PJ-XS,,
B09NQ55PRY,SET332-KR-PP-XXL,,
B083SMRCG9,JNE3394-KR-L,,
B09RKDKCYC,SET340-KR-NP-XL,,
B0893FR8YK,JNE3407-KR-M,,
B09B3GWVJ9,JNE3654-TP-XXL,,
B089B1K3KT,JNE3524-KR-S,,
B082Z3ZNL5,SET158-KR-PP-S,,
B08F39S4FH,J0070-KR-XS,,
B0922TGHSL,NW004-TP-PJ-L,,
B08MXBPR91,SET220-KR-PP-XS,,
B09HMG7SGL,JNE3730-KR-S,,
B08P1DCQKH,SET227-KR-PP-A-S,,
B082Z3CMJ6,SET116-KR-NP-M,,
B09K3X672H,JNE3803-KR-XL,,
B09Q66C74F,JNE0850-N,,
B09HMXJ5P6,JNE09209-MULTI-SR-JP8101RMV,,
B09Y347P5L,SAR163,,
B09Y356VLW,SAR165,,
B09Y36PT51,SAR181,,
B09NDD1W3Q,SAR136,,
B09NDCW92Z,SAR112,,
B09HMNCZSJ,JNE09186-BLUE-SR-JP7104RMV,,
B09NDCY817,SAR091,,
B09NDCX358,SAR098,,
B09NDDJG7B,SAR100,,
B08ZHH9PV2,JNE3713-TP-N-S,,
B07K5CC1S2,SET014-KR-PP-A-L,,
B099NQ79JH,NW022-TP-PJ-M,,
B09HMZB4YJ,SET225-KR-NP-XXXL,,
B085HRDXZH,SET135-KR-PP-XS,,
B0986XVBGH,JNE3662-TP-XXL,,
B08424NMB4,BL087-M,,
B085HRVJPP,SET135-KR-PP-XXXL,,
B08C33BHD6,J0049-TP-S,,
B09RKD1MFC,SET340-KR-NP-L,,
B08RP252MK,JNE3487-KR-XS,,
B07ZYRP2PG,JNE3348-KR-S,,
B07VT44S35,SET131-KR-NP-XXXL,,
B08TH7SKGY,JNE3608-KR-XXL,,
B099FB9NYR,JNE3741-KR-XL,,
B09KRTDTQN,SET306-KR-PP-M,,
B099NP42BH,J0305-DR-M,,
B07MY5LVZZ,BTM005-L,,
B09K3TLN9C,JNE3803-KR-L,,
B0986XPC9V,JNE3665-TP-XL,,
B0982ZQSR2,JNE3707-DR-XS,,
B098117ZJY,JNE3728-KR-XXL,,
B09QJM3X1K,SET361-KR-NP-M,,
B08QGMKKJW,J0181-TP-XXL,,
B09K3RBQDH,JNE3769-KR-M,,
B09M6RWMSW,J0380-SKD-L,,
B08B3Y88PC,JNE3477-KR-S,,
B08XNH796J,J0231-SKD-L,,
B0967QTQXK,J0207-DR-XXXL,,
B08L3RWBL6,BTM042-PP-XS,,
B08L3S9HLD,BTM047-PP-XS,,
B08BK4X8YL,JNE3534-KR-S,,
B099FBQJHH,J0299-KR-L,,
B09B2FKMMP,JNE3542-KR-XS,,
B089B1FG4X,JNE3524-KR-XXL,,
B07H7CNFSG,JNE2266-KR-490-A-M,,
B08BJPJB65,JNE3491-KR-XXL,,
B09RKDWZYC,JNE3787-KR-L,,
B09BQF612S,SET266-KR-NP-XL,,
B082W6RDZG,JNE3408-KR-S,,
B08V1155GY,J0131-KR-S,,
B09K3QSXVJ,SET325-KR-NP-XL,,
B08N1CBW4L,J0132-KR-XXXL,,
B089FZW6LW,J0043-SET-XL,,
B07FVR17HM,JNE1951-KR-155-XXXL,,
B08HK4WHNK,JNE3543-KR-L,,
B099NPQRQV,JNE3756-KR-S,,
B07SXRRXXJ,SET038-KR-PP-XL,,
B083SML1G7,JNE3394-KR-A-M,,
B094FM63BQ,SET270-KR-PP-XL,,
B09X1VTR39,SET404-KR-NP-M,,
B0793S7D88,JNE2132-KR-398-XXL,,
B08MXBN387,JNE3576-KR-M,,
B0743FDQ6T,JNE1408-KR-UDF19-A-S,,
B0743F98CD,JNE1408-KR-UDF19-A-M,,
B094FLP3GT,JNE3701-KR-XS,,
B07VT4MWJR,SET130-KR-NP-L,,
B07T5421QP,JNE3364-KR-1051-XXL,,
B0922RQ7LY,NW001-TP-PJ-M,,
B09BQL7JPR,SET267-KR-NP-XS,,
B06Y5CCJ89,JNE1906-KR-031-S,,
B0965L3HCV,J0213-TP-XXXL,,
B09SDXLD4C,J0395-DR-XL,,
B08BJNCWH8,JNE3491-KR-L,,
B08ZJ44BFN,JNE3668-TP-N-L,,
B08B3YMPWW,JNE3454-KR-M,,
B091GMQCGK,AN208-MUSTARD-S,,
B08B3Z5LXW,J0027-SET-XXL,,
B09K3WL939,JNE3796-KR-XXL,,
B09266WRKR,J0243-DR-XS,,
B099NSJG7Z,NW037-TP-SR-M,,
B09VC5QDGQ,SET401-KR-NP-S,,
B07SRJCQHY,SET038-KR-PP-XXXL,,
B08W26LH14,JNE3623-KR-M,,
B08BK58THW,JNE3491-KR-M,,
B098114JLC,J0352-KR-L,,
B0781LSYRY,BL007-61PINK-B,,
B0893FBY9C,JNE3412-KR-S,,
B08N4QVN7M,J0190-TP-S,,
B07SVLB7ZX,SET100-KR-PP-XXL,,
B09SDYX29F,JNE3813-KR-XL,,
B081WZ8S6B,JNE3434-KR-M,,
B09RKF22JD,SET390-KR-NP-M,,
B091YL5SRC,J0185-DR-XXL,,
B08RYN2W4K,JNE3603-KR-M,,
B0894YMHNT,J0007-SKD-XS,,
B076HLML9R,JNE2049-KR-351-XXL,,
B092927YB8,J0159-DR-XXL,,
B08ZHWM7X1,JNE3647-TP-N-XS,,
B09K3TFD3S,JNE3770-KR-L,,
B07BL2QVPK,JNE2199-KR-411-A-S,,
B07K329NJ2,JNE3160-KR-XS,,
B082PY493N,SET154-KR-NP-XS,,
B08B3YCLP5,SET187-KR-DH-S,,
B09SDYW5QQ,SET330-KR-PP-XS,,
B07C3D5D8G,JNE2251-KR-537-XXL,,
B08HK57ZZN,JNE3458-KR-XXL,,
B08YNV88N7,J0077-SKD-L,,
B09BQL8Q93,SET266-KR-NP-XXL,,
B08MYTSFVT,SET204-KR-DPT-XL,,
B08XWH2WNK,JNE3611-KR-M,,
B08ZJ2DBVJ,JNE3643-TP-N-L,,
B08YYSV9KT,MEN5030-KR-XXXL,,
B099S8WTQT,J0292-TP-XL,,
B09811KJQ5,JNE3636-KR-XXL,,
B08N4H7B3Y,J0117-TP-XL,,
B09K3Y8MSH,JNE3778-KR-S,,
B09Y268W2D,JNE3904-DR-XXL,,
B09K3L39NB,SET303-KR-NP-S,,
B082Z3KF7J,SET185-KR-NP-M,,
B08XQBNHQM,SET249-KR-NP-XXXL,,
B08HK8H19J,JNE3481-KR-S,,
B09M6TWZ95,J0379-SKD-XXL,,
B09M6VSV7V,J0381-SKD-S,,
B0926WJQBY,J0243-DR-XXXL,,
B09PBXNJPC,J0219-BL-XXL,,
B08N4DLKN6,J0170-TP-A-XL,,
B09QJMCRZQ,SET388-KR-NP-XS,,
B07D358PCJ,BL055-164GOLD-A,,
B07D361M2Y,BL041-65RED-A,,
B0928YLXJ1,NW003-TP-PJ-M,,
B08TH6RMTM,SET252-KR-PP-L,,
B09KXV1WLX,SET318-KR-SHA-M,,
B08XVM3MJS,JNE3518-KR-S,,
B0922W935V,NW008-ST-CP-L,,
B0983NCWHZ,JNE3610-KR-S,,
B082Z3MDR9,SET158-KR-PP-XS,,
B08RDTKKMS,J0165-TP-M,,
B07VT5L937,SET130-KR-NP-XXL,,
B08QGMHJFQ,J0171-DR-M,,
B0981293MP,JNE3693-KR-M,,
B07MY33NWD,SET048-KR-NP-XS,,
B07WW7228S,JNE3366-KR-1053-A-XXL,,
B09B2CPQ93,JNE3446-KR-XS,,
B07K34C782,JNE3160-KR-L,,
B0983DNQ5R,SET257-KR-PP-XXXL,,
B07MY1RZL9,JNE3225-KR-L,,
B0986XYRG8,JNE3665-TP-XS,,
B08TH86DG1,SET252-KR-PP-XS,,
B0983F33FL,SET248-KR-NP-XXXL,,
B09KXS56PT,J0329-KR-M,,
B08WJ1LBRJ,SET253-KR-NP-M,,
B07MY32YRJ,SET053-KR-NP-M,,
B09RKCQ6WF,SET390-KR-NP-XXL,,
B09TH5QJ45,SET433-KR-NP-XS,,
B07WZFSDJL,SET128-KR-DH-XXXL,,
B08W28CDHX,JNE3621-KR-L,,
B08N3ZRJFC,JNE3605-KR-L,,
B08B3XRFYH,SET187-KR-DH-XXXL,,
B0986HRS58,JNE3744-TU-XS,,
B01N184GHA,JNE1525-KR-UDF19BLACK-XL,,
B09KXVDLNN,SET313-KR-NP-XXL,,
B09M6WZX2J,J0379-SKD-L,,
B0943J8RHK,JNE3672-TU-XXXL,,
B082W7V22Z,JNE3404-KR-XS,,
B08W1VTYWD,JNE3621-KR-S,,
B07WT53CQZ,JNE3364-KR-1051-A-S,,
B082PTSC1G,SET154-KR-NP-M,,
B099NL77RN,JNE3758-KR-XL,,
B08B3XRK43,JNE3476-KR-XXL,,
B08L937VVM,SET193-KR-NP-A-XS,,
B08TZYKRF2,J0154-DR-S,,
B09811JTTJ,JNE3693-KR-S,,
B07H7F83PJ,JNE2266-KR-490-A-L,,
B07G2BNYNV,JNE2049-KR-351-XS,,
B09K3L1KML,SET383-KR-NP-XS,,
B099NQC92Z,NW033-ST-CP-M,,
B08VW31TLG,J0078-SET-S,,
B08TZSRZ8B,J0161-DR-XL,,
B07861RVJM,BL017-63BLACK-B,,
B07FTHS39L,JNE1408-KR-UDF19-A-XXXL,,
B09293NW9F,J0083-KR-XL,,
B09QJ49VD8,SET349-KR-NP-L,,
B081X3SZY8,JNE3391-KR-XS,,
B01MSEK1O5,JNE1525-KR-UDF19BLACK-L,,
B0986RQ76F,JNE3657-TP-XS,,
B083ZTP2DP,JNE3386-KR-XS,,
B09NDK3G4X,SAR108,,
B099NRXFFX,NW016-ST-SR-L,,
B09M6TMT4Z,J0228-SKD-XXXL,,
B0793RY3LG,JNE2101-KR-210-XL,,
B08YZ48C1K,MEN5012-KR-XL,,
B01M0XUV1S,JNE1233-BLUE-KR-031-S,,
B09QJ4C84B,J0378-SKD-S,,
B08ZJ238H1,JNE3643-TP-N-XXL,,
B09QJ4R5KR,JNE3856-KR-XS,,
B092D2KTHR,J0089-TP-XXXL,,
B09LV12X37,JNE3819-KR-XXXL,,
B07K3YMN5Q,JNE3160-KR-G-XS,,
B08TH9B983,JNE3607-KR-L,,
B08V1NKXRS,J0152-DR-S,,
B09HMZ3CFG,SET179-KR-PP-XS,,
B09M75V2DD,NW036-ST-SR-XXXL,,
B092D2XF1X,J0090-TP-XS,,
B07H6MB6ZB,JNE1906-KR-031-XS,,
B099NJDY5F,J0345-SET-XXL,,
B0983S5QY3,JNE3610-KR-XS,,
B08KRGFGC5,SET188-KR-NP-M,,
B07FV76W43,JNE2100-KR-144-XS,,
B07GZK7PGP,BL056-185GOLD,,
B01M0LXTZE,JNE1233-BLUE-KR-031-M,,
B08WHM4H72,SET250-KR-SHA-M,,
B082Z48ST3,SET165-KR-PP-XXXL,,
B09K3TCHBH,JNE3796-KR-XXXL,,
B09LV2KH5Z,JNE3822-KR-XXXL,,
B08W9T442C,JNE3470-KR-M,,
B08ZHCRTVS,JNE3653-TP-N-XL,,
B07H7D5STQ,JNE2270-KR-487-A-XS,,
B07FY1DW7V,JNE2199-KR-411-A-XS,,
B07PBD7CN1,SET043-KR-NP-M,,
B08YNH5YL6,SET264-KR-NP-XS,,
B09B2GHWP2,JNE3623-KR-XXXL,,
B09RKFCS6D,SET355-KR-PP-XXXL,,
B09433WP4R,JNE3684-TU-XS,,
B091Q9HG65,JNE3624-KR-L,,
B08N44TGZ1,J0176-TP-L,,
B07SHC29LN,JNE3313-KR-XL,,
B08QGS6LYZ,J0278-SET-XXL,,
B08MYR146S,J0178-TP-XL,,
B08MXCJDTN,JNE3566-KR-XXL,,
B0928ZT74Y,NW014-ST-SR-XXXL,,
B099FCWSXM,JNE3758-KR-XXXL,,
B079WYGYC6,JNE2170-KR-436-XXL,,
B08TZQ7WW7,J0154-DR-XXXL,,
B099S66DC2,J0310-TP-S,,
B09K3YC632,JNE3768-KR-XXL,,
B091SX2LL5,JNE3709-DR-XS,,
B0983MGH2P,JNE3610-KR-XL,,
B08TGZK6TW,SET252-KR-PP-XL,,
B0983FNQD1,SET277-KR-NP-XXXL,,
B0893DN5BW,JNE3438-KR-L,,
B09RKBWN5F,SET413-KR-NP-XS,,
B07V7CM4MS,SET073-KR-SHA-XXL,,
B09RKFBZZD,J0224-SKD-XS,,
B0983DPFFZ,SET258-KR-PP-M,,
B0983F931X,SET248-KR-NP-XL,,
B09TZWBRY9,JNE3887-KR-L,,
B07J1HY8P6,JNE2302-KR-595-G-M,,
B08W9JQTN1,JNE3628-KR-L,,
B093ZS7X8N,JNE3700-KR-XS,,
B08N4PV4P8,J0134-SET-M,,
B09TH3MNW7,JNE3797-KR-A-XXL,,
B09TH3H2DP,JNE3797-KR-A-XL,,
B09Q3G7NGF,JNE3834-KR-L,,
B08HK543L3,JNE3482-KR-XS,,
B09M73GPH4,J0330-KR-XS,,
B08QGMNHMW,J0282-SET-S,,
B08N43KQMJ,JNE3605-KR-XS,,
B08L3SCMTC,BTM048-PP-M,,
B08B3ZDZDR,J0011-LCD-XXXL,,
B09K3Z2HX3,JNE3763-KR-XXL,,
B07RRVXPMR,JNE3256-KR-XL,,
B09M721D3X,J0330-KR-XXL,,
B06Y59MV5R,JNE1906-KR-031-XL,,
B099NPT6XL,NW033-ST-CP-S,,
B09VC6XVW6,JNE3881-DR-XXL,,
B099S8P3Z8,J0310-TP-L,,
B09KXV8THQ,SET318-KR-SHA-XS,,
B09QJ3YHCS,SET369-KR-NP-L,,
B09B557TKJ,J0291-JS-XXXL,,
B08424GCQ7,BL087-XXL,,
B07P7VDDF2,JNE3255-KR-L,,
B08MYSYBLM,JNE3563-KR-XL,,
B09SDX2WZJ,J0399-DR-S,,
B07T3ZR9M6,JNE3365-KR-1052-M,,
B08W1Y3CBS,JNE3627-KR-M,,
B08B3YNXWN,J0022-KR-XS,,
B09RKBSHYW,JNE3732-KR-XS,,
B09RKD862Q,JNE3732-KR-M,,
B07R524CKL,JNE3253-KR-XL,,
B08BFT1B4X,JNE3451-KR-S,,
B09TH7HWBM,SET394-KR-NP-L,,
B091Z6XY56,J0137-SET-S,,
B08TGX4J2J,JNE3608-KR-M,,
B07ZYSLVSQ,JNE3375-KR-S,,
B08L92YWPH,SET198-KR-NP-A-XXL,,
B08QHNVKQ6,J0127-SKD-XXXL,,
B099NP16F4,NW020-ST-SR-XS,,
B081WTF1MP,JNE3435-KR-L,,
B09432TL5X,JNE3642-TP-XL,,
B08L934PZ7,SET195-KR-NP-A-XS,,
B07SN1FX7M,SET087-KR-PP-XXXL,,
B09M6S8JY2,J0228-SKD-XS,,
B081WT5H76,JNE3421-KR-S,,
B0894XK9TT,J0009-SKD-XS,,
B08W9TB5J2,SET246-KR-PP-L,,
B09KXTLMBS,J0252-SKD-XXXL,,
B07JBQD2BK,JNE1233-BLUE-KR-031-XS,,
B082W8F36K,JNE3401-KR-XL,,
B0822SM4X2,SET172-KR-PP-B-XS,,
B0894XNFM5,J0001-DR-S,,
B08VWKY8LL,J0103-SKD-S,,
B092D263PK,J0089-TP-S,,
B09831TWB5,J0212-DR-S,,
B07FXWM689,JNE2153-KR-278-A-XXXL,,
B09KRW58SP,JNE3736-KR-XXXL,,
B082Z3SRN7,SET116-KR-NP-XXXL,,
B09K3XM19N,JNE3753-KR-XXXL,,
B09HNQ8TR3,JNE3726-KR-XXXL,,
B07MY3SSQD,SET055-KR-NP-XL,,
B091SZ58P5,JNE3709-DR-XL,,
B09KXRQ1Y4,JNE3751-KR-S,,
B09SDZ9BRQ,JNE3879-DR-XXL,,
B07BL2NS84,JNE2205-KR-467-A-XL,,
B09B2DHVDR,JNE3548-KR-XXXL,,
B09G6K2HFG,JNE3676-TU-XXXL,,
B08WJ68DFN,SET244-KR-NP-XXXL,,
B09TZT28S2,JNE3865-TP-M,,
B09QJ38J59,J0377-SKD-XXL,,
B092D2ZZ78,J0088-TP-XXL,,
B099S8Z87X,J0300-TP-XL,,
B09M6SF2XW,J0379-SKD-M,,
B09RKD8NGR,SET392-KR-NP-L,,
B0894Y659D,J0004-SKD-S,,
B083SMYXS1,JNE3389-KR-A-XXXL,,
B07VT2MLST,SET130-KR-NP-S,,
B08HK49HV9,JNE3483-KR-XXXL,,
B08RJMV1Q5,SET210-KR-PP-XXXL,,
B08394N9V1,BL100-M,,
B09TH6ZKSH,SET394-KR-NP-XS,,
B08YNKWYXV,J0237-SKD-XXL,,
B07T3ZRZ1D,JNE3364-KR-1051-XL,,
B08KRZK1NB,JNE3567-KR-XXXL,,
B0781HMXQY,BL020-71RED-B,,
B08QGKX3L3,J0142-KR-M,,
B09K3VZGZM,JNE3750-KR-L,,
B08KS7M7F7,JNE3431-KR-XL,,
B07VP4X993,SET131-KR-NP-XS,,
B08BJT3V83,J0010-LCD-XXL,,
B08XQ8P266,SET245-KR-NP-M,,
B0781K44S9,BL008-61RED-B,,
B08KRV7P6S,SET188-KR-NP-S,,
B08TZT5S3Y,J0145-SET-XXL,,
B09RKF16X1,SET302-KR-PP-S,,
B07H7DGF1T,JNE2270-KR-487-A-S,,
B08KRZGS3G,BTM040-PP-XXL,,
B0965MH568,J0203-TP-L,,
B09SDZ19S9,J0396-DR-S,,
B08QGLFG2L,J0166-DR-XL,,
B09LTZB7K3,JNE3817-KR-M,,
B079WW6XVC,JNE2170-KR-436-XL,,
B07JQMV7BN,JNE2265-KR-501-XS,,
B082Z3M9RM,SET138-KR-PP-L,,
B082W8C4RN,JNE3408-KR-XS,,
B09LD2HMQ2,PJ0096-KR-N-4XL,,
B08XQ9QH7W,SET249-KR-NP-XS,,
B08PVSGBFJ,J0105-KR-XS,,
B09K3THLSY,JNE3770-KR-S,,
B08N4WP4RC,SET225-KR-NP-M,,
B08PV6H5QK,J0290-CD-L,,
B09KXLRVWY,JNE3790-KR-M,,
B09KXTGYSY,SET321-KR-DPT-XXXL,,
B099NR97XL,J0308-DR-XS,,
B08MYT5M7N,SET203-KR-DPT-XXL,,
B08YN6P8X5,J0237-SKD-M,,
B094354VNS,JNE3678-TU-XL,,
B08YYR1NT1,MEN5001-KR-XXXL,,
B09SDYFGMR,JNE3860-DR-XXXL,,
B09KXR4HR6,J0328-KR-XL,,
B0983N8N3J,JNE3610-KR-L,,
B08WJ47R1F,J0232-SKD-XS,,
B099FD12HN,JNE3762-KR-XXL,,
B08V12TLZ8,J0184-KR-XXXL,,
B09SDZ14KQ,J0400-DR-XXXL,,
B098733J8D,JNE3687-TU-XS,,
B07MY3TG9X,SET055-KR-NP-XS,,
B09VC2G2JV,JNE3890-TP-XXL,,
B09811MVVJ,JNE3602-KR-M,,
B09SDXQ3XB,JNE3813-KR-M,,
B08KRXZ644,BTM036-PP-M,,
B09B58DHH1,SET247-KR-SHA-S,,
B09TH73PT5,JNE3797-KR-A-M,,
B098325JJ7,J0209-DR-S,,
B09TH7F8WY,JNE3838-KR-M,,
B08V1B2KFN,J0133-KR-A-XL,,
B07XHM5LQ8,JNE3311-KR-XXL,,
B08B3ZJVRS,JNE3528-KR-L,,
B07GBZV8K8,JNE1234-MULTI-KR-032-XXXL,,
B0982Z3KRC,J0333-DR-S,,
B09871DFVT,JNE3743-TP-XXL,,
B08MYS9MN7,JNE3501-KR-XXL,,
B091Q9Y2PS,JNE3620-KR-XXXL,,
B08N4NJ68T,SET241-KR-PP-XS,,
B08BK66Q55,JNE3535-KR-L,,
B08N4T7C8X,J0134-SET-L,,
B09SDXTH4Q,SET330-KR-PP-XL,,
B09SDXYXVJ,J0398-DR-S,,
B08TZNMXQZ,J0140-SET-XXL,,
B094381R8G,JNE3658-TP-XS,,
B09KXQ265V,JNE3733-KR-XL,,
B08WHZ3SRC,SET250-KR-SHA-XL,,
B08MXDLN64,JNE3555-KR-S,,
B09M6TF1K5,J0379-SKD-XXXL,,
B08YZ11WQW,MEN5012-KR-M,,
B0986XHFW4,JNE3744-TU-L,,
B09TZS4V29,JNE3894-TP-S,,
B089G1HR1V,J0042-DR-L,,
B09SDXVJNP,JNE3779-KR-M,,
B0928ZCBZF,J0159-DR-S,,
B07R521SW3,JNE3273-KR-L,,
B07R3KN99X,JNE3252-KR-M,,
B0965L3FYP,J0195-TP-L,,
B09SDZ7948,J0399-DR-XL,,
B09LTZBQX2,JNE3821-KR-S,,
B09RKDJ3CF,SET346-KR-PP-L,,
B08QJKPYCS,JNE3578-KR-XL,,
B08N19QTQK,J0175-KR-XL,,
B0943HTGZ3,JNE3672-TU-XL,,
B09K3GNK7D,SET308-KR-PP-XXL,,
B09SDXLC1B,JNE3880-DR-XL,,
B09TZVM9HY,SET338-KR-NP-M,,
B09SDXL6QC,SET330-KR-PP-L,,
B089FZG2LK,J0094-KR-XXXL,,
B092937RH2,J0159-DR-L,,
B081WRJNVX,JNE3445-KR-M,,
B09KXWMDXX,J0252-SKD-M,,
B09M6TLK9Q,J0249-SKD-XS,,
B07ZYRVW58,JNE3348-KR-XXXL,,
B08TZZLLB5,J0126-SKD-S,,
B09G6JS3JD,JNE3676-TU-S,,
B07XXSXYBT,JNE3279-KR-A-S,,
B09KXVB1CD,SET353-KR-NP-XXXL,,
B08YZ1PW81,MEN5026-KR-XXXL,,
B089FZQSBS,J0038-DR-XS,,
B08MXCM2J5,JNE3571-KR-S,,
B082Z41X3B,SET156-KR-NP-XS,,
B08VW9RBLW,J0078-SET-XXL,,
B08VVYXHYH,J0078-SET-M,,
B099S788RD,JNE3708-TU-L,,
B0983G26V6,SET257-KR-PP-XXL,,
B08RDSWQ7R,J0123-TP-XS,,
B092CXSD1H,J0085-TP-M,,
B099NPZVLX,NW035-ST-CP-L,,
B0983GNNGB,SET248-KR-NP-XS,,
B082Z4F9PQ,SET165-KR-PP-XL,,
B0922VP2BP,NW028-TP-PJ-M,,
B07P64Z6C7,SET043-KR-NP-XXL,,
B07MY3SNKX,SET048-KR-NP-XXL,,
B099FB7KKH,JNE3760-KR-S,,
B083ZZ75GR,JNE3396-KR-XS,,
B08W96FCC6,JNE3472-KR-XS,,
B09RSNN74T,SET376-KR-NP-XXL,,
B08PCTQY89,SET221-KR-NP-XXL,,
B07SMNC6CQ,JNE3311-KR-XL,,
B094FJZ7MZ,JNE3689-TU-XL,,
B09KXTWY66,SET300-KR-NP-XL,,
B0967PR9D7,J0208-DR-M,,
B08YYS4LJM,MEN5016-KR-S,,
B089G2K86C,J0093-DR-S,,
B08YYSFRTV,MEN5031-KR-M,,
B09KRXWPZW,JNE3736-KR-M,,
B092D368QD,J0087-TP-XXXL,,
B0899ZLBW4,SET147-KR-NP-XXXL,,
B09438J634,JNE3658-TP-XL,,
B08PVTFFRS,J0105-KR-XXL,,
B082Z3R21L,SET165-KR-PP-L,,
B09SDYQ6ZC,J0395-DR-S,,
B099FC6LF2,JNE3704-KR-XL,,
B089G2P4VT,J0042-DR-S,,
B0986ZP5HS,J0337-TP-XXXL,,
B0986ZVKPP,J0205-TP-L,,
B07JXZ5Y9G,SET004-KR-SP-XXXL,,
B089G2RWY1,J0076-SET-S,,
B089FZR7BK,J0020-SET-XXL,,
B08KRQP3YL,BTM040-PP-XXXL,,
B091Z6FH16,J0186-SET-XL,,
B09812PDWC,JNE3581-KR-XXL,,
B08QGMNRBT,J0281-SKD-L,,
B09LV1ZJWN,JNE3823-KR-XXL,,
B08MYRR76T,JNE3563-KR-M,,
B09RPKZMQP,SET409-KR-NP-L,,
B092D6SZY5,J0087-TP-L,,
B0894YPW89,J0007-SKD-XXXL,,
B0822SW3QS,SET144-KR-NP-XXL,,
B08B3YYWZ9,JNE3473-KR-XXL,,
B08YYRM6FT,MEN5030-KR-XXL,,
B08BJRSXYV,J0010-LCD-XL,,
B08RYT5YV6,J0194-DR-XXL,,
B09K3R6MJB,JNE3783-KR-S,,
B09QJ428CB,SET365-KR-NP-XXXL,,
B092912P1V,BL113-M,,
B0967RFH4C,J0207-DR-XS,,
B099S6YRG9,J0292-TP-S,,
B0922VSVQM,NW009-ST-CP-S,,
B08L3V557H,BTM043-PP-S,,
B08HHJNTNT,JNE3458-KR-S,,
B08WQ6WWC9,JNE3506-KR-XXXL,,
B09KXVSNZD,J0251-SKD-L,,
B09LV1CGJF,JNE3819-KR-XL,,
B08HHJMQRK,JNE3542-KR-XL,,
B085GC4CBG,BL107-S,,
B08QGMKVDN,JNE3579-KR-XL,,
B09RKCVRSP,SET320-KR-NP-XL,,
B091Z8617M,J0130-SET-L,,
B093ZRMB85,JNE3700-KR-XXL,,
B09QJ576Y8,SET361-KR-NP-L,,
B09KXNWRSB,JNE3792-KR-XXXL,,
B09TH8T4GM,SET433-KR-NP-XXXL,,
B09G2V3NJM,JNE3715-KR-XXXL,,
B081WT2V3L,JNE3435-KR-XXL,,
B099NQ17VQ,J0298-DR-S,,
B09KXYQK1Z,J0220-BL-L,,
B085HDBKFF,JNE3426-KR-XS,,
B07567MHWH,JNE2009-KR-310-XXL,,
B09QJ4GWN5,SET369-KR-NP-M,,
B09K3FZQFT,SET305-KR-DPT-L,,
B085HRWB1R,SET121-KR-NP-XXXL,,
B085CDVVS1,BTM033-NP-XXXL,,
B07JP66WGF,SET004-KR-SP-XL,,
B0922RYBMF,NW032-ST-CP-XXXL,,
B09SDZXPG3,SET330-KR-PP-XXL,,
B08B3YZN3J,J0027-SET-XS,,
B09RKBNF8P,JNE3811-KR-XXXL,,
B07VRCLGPW,SET132-KR-NP-XXXL,,
B08N4TB3G4,J0153-DR-XXL,,
B08B3ZD5WJ,SET186-KR-DH-XXXL,,
B08V1B4FYS,J0140-SET-M,,
B0928W9G9B,NW014-ST-SR-XL,,
B08HK73HB7,JNE3452-KR-XXXL,,
B09NQ989KK,JNE3780-KR-XXXL,,
B08ZHS7GZX,JNE3656-TP-N-XXL,,
B09B2G7H8V,JNE3559-KR-XS,,
B08QGM64P7,J0199-SET-XXL,,
B09PN3TB2G,SET327-KR-DPT-XXL,,
B08V1R5MMB,J0126-SKD-M,,
B0894XX73X,J0040-SET-XXXL,,
B094FLV8J9,JNE3701-KR-L,,
B09Q3JC2N4,JNE3816-KR-S,,
B09BQJMLQS,SET266-KR-NP-XS,,
B09K3R6VZ3,JNE3778-KR-XXXL,,
B0981184FT,JNE3616-KR-L,,
B09K3WVVMJ,JNE3803-KR-XXL,,
B09Q3JQJ67,JNE3834-KR-XL,,
B0925VYX6L,J0239-SKD-M,,
B09QJ3RBR6,J0375-SKD-XXXL,,
B091Z6LV8Z,J0130-SET-XL,,
B08B3ZDKM6,JNE3528-KR-XL,,
B089G2S11Y,J0025-DR-XL,,
B09K43JMNS,JNE3770-KR-XXXL,,
B08MYP4PC1,J0121-TP-L,,
B09LD47M1Q,PJ0096-KR-N-6XL,,
B0965MD798,J0203-TP-S,,
B09QJ5TLLD,SET365-KR-NP-XL,,
B08VRL3WXC,J0100-DR-XXXL,,
B09KXW37V8,SET321-KR-DPT-M,,
B07MXZT6LH,JNE3225-KR-XXL,,
B09M6SDZ3M,J0380-SKD-XL,,
B08394KJG3,BL086-XXL,,
B091Y22QJ3,J0139-KR-M,,
B09LTZR5VR,JNE3821-KR-XL,,
B08394YDM9,BL086-XL,,
B09M6YZ9K1,J0379-SKD-XL,,
B08MYV8F8X,J0149-KR-XS,,
B07TD8T8L4,SET075-KR-DH-XXL,,
B082Z3M7FW,SET139-KR-PP-S,,
B08YYZD2F1,MEN5018-KR-XXL,,
B08P1FPCRN,JNE3475-KR-K-XS,,
B09KXNG8KS,J0329-KR-XL,,
B08YN2YJ3W,J0237-SKD-XL,,
B07V7BBQT2,SET085-KR-PT-S,,
B0983DQTWB,SET192-KR-NP-S,,
B08MYSWHBB,SET203-KR-DPT-XS,,
B099RK3RWF,JNE3480-KR-XS,,
B08QGNJMCL,J0171-DR-L,,
B08V15KCG9,J0145-SET-XS,,
B08VRMD8TQ,J0101-DR-XXL,,
B09K3DQBZT,SET308-KR-PP-L,,
B08W96HC6Q,JNE3472-KR-S,,
B09LTZDBND,JNE3817-KR-XL,,
B094379114,JNE3680-TU-XS,,
B09KXR5ZPZ,JNE3792-KR-XXL,,
B08L3TP5J8,BTM043-PP-XXL,,
B08ZHDF8NH,JNE3656-TP-N-S,,
B08N1BRTPY,J0150-KR-L,,
B089G2X2ZD,J0033-KR-L,,
B09TH2ZFSY,JNE3797-KR-A-L,,
B07TGHN66K,SET078-KR-NP-XS,,
B099NPNKS8,JNE3717-KR-M,,
B09SDYFHV5,JNE3860-DR-M,,
B099S7J4XM,JNE3688-TU-M,,
B0922PX5TM,NW029-ST-SR-L,,
B0894XQJQV,J0001-DR-M,,
B07H7CY3T2,JNE2266-KR-490-A-XXL,,
B08394BD7X,BL096-S,,
B08QGK9XZW,J0281-SKD-M,,
B0986Z33PW,JNE3667-TP-XL,,
B09NQ7PS8L,JNE3774-KR-XL,,
B08KRP5XSL,BTM039-PP-XXL,,
B08L947R55,SET205-KR-DPT-A-XXL,,
B083SL8FDL,JNE3389-KR-A-M,,
B09M71LJW9,JNE3786-KR-L,,
B09NQ56TWR,SET332-KR-PP-XXXL,,
B09J2HL8LW,SAR024,,
B09K3YSMKS,J0370-SKD-XL,,
B0928ZJM6T,BL109-XXL,,
B09K3Y11ML,JNE3768-KR-M,,
B08317DJVC,JNE3425-KR-S,,
B08RYR5D3X,J0120-TP-S,,
B083SMFDDQ,JNE3389-KR-A-L,,
B0986ZMJ95,JNE3667-TP-XXL,,
B08QJK5LVL,JNE3578-KR-XXL,,
B08W87QBDY,JNE3470-KR-XL,,
B09VC2GJCS,JNE3895-TP-XXL,,
B081WWR2MN,JNE3443-KR-L,,
B0982ZBPZH,J0211-DR-XS,,
B09KXRBN1M,JNE3733-KR-XXL,,
B07MY3RR1R,SET024-KR-SP-A-M,,
B0793R257Q,JNE2113-KR-381-M,,
B08C32Z715,J0073-KR-XXXL,,
B09G6LG894,JNE3676-TU-XL,,
B08QJKGR8T,JNE3578-KR-L,,
B0965LG68N,J0195-TP-M,,
B08YYQYRYZ,MEN5003-KR-S,,
B09LTZGNNV,JNE3821-KR-M,,
B099NPWG7K,J0305-DR-XXL,,
B09SDX9ZF6,J0395-DR-XXL,,
B09K3JPZZV,J0369-SKD-XXXL,,
B0822S4MPJ,SET141-KR-NP-S,,
B08ZJ4LHQ7,JNE3648-TP-N-S,,
B091GMW334,AN213-BROWN-S,,
B09K3XXS9R,JNE3753-KR-M,,
B09TH43SGS,JNE3797-KR-A-XS,,
B08QGNBZ4C,J0164-DR-XXXL,,
B099S75369,J0300-TP-L,,
B085HRZQVP,SET206-KR-PP-S,,
B094381F4W,JNE3684-TU-S,,
B09LM6BZD7,J0332-DR-XXXL,,
B09812HRK9,J0353-KR-S,,
B0986XY4VG,JNE3667-TP-L,,
B08KS5332B,BTM036-PP-S,,
B0983G38JS,SET257-KR-PP-M,,
B08W9M8M9G,J0114-TP-S,,
B099NPQ51W,NW033-ST-CP-XS,,
B09Q3JQXWY,JNE3835-KR-M,,
B09K3Y163K,JNE3777-KR-M,,
B08QGLDQ4V,SET243-KR-PP-XXXL,,
B08W9BZ2M3,JNE3628-KR-XL,,
B09268MDVS,J0238-LCD-XL,,
B09PBWN419,J0216-BL-XXL,,
B08V127CHN,J0152-DR-XS,,
B082W7Z6YP,JNE3376-KR-S,,
B07DTHQFPR,JNE2251-KR-537-C-XXL,,
B099S7YCZY,J0304-TP-XXXL,,
B07VQ7PYM5,SET132-KR-NP-XXL,,
B09K3Y4QD3,JNE3745-KR-XL,,
B09K3WXV9H,J0371-SKD-S,,
B099S8Q3ZT,J0297-TP-XXXL,,
B091GP4R8Y,AN202-ORANGE-S,,
B09RKDKFK4,JNE3836-KR-S,,
B07SWQHV2R,SET100-KR-PP-XXXL,,
B091XY8ZFF,J0086-DR-XL,,
B08C33LT25,J0072-KR-XXL,,
B09HMLV6G7,J0102-SKD-L,,
B08WJ2JV9M,SET253-KR-NP-XL,,
B089FZH713,J0074-TP-S,,
B0925TZ1C8,J0242-SKD-S,,
B08B3YBBPT,J0005-DR-M,,
B07G2PJMDS,JNE2049-KR-351-XXXL1,,
B08B3YVCK3,J0005-DR-XS,,
B09812HST6,JNE3616-KR-XXXL,,
B08YNHJ96P,J0077-SKD-XXXL,,
B0965MGSCX,J0195-TP-S,,
B0983FJRTB,SET254-KR-NP-XL,,
B09QJ4QXJ6,JNE3856-KR-S,,
B089G1LHDM,J0034-SET-XL,,
B09C87JBSV,J0084-TP-S,,
B09G2RD6FX,NW027-TP-PJ-XS,,
B08QGLR6ZJ,J0282-SET-XXL,,
B09831FVYR,J0157-DR-L,,
B092CZMPXK,J0085-TP-XXXL,,
B098121MRZ,JNE3602-KR-S,,
B0899R2FS5,J0023-TP-XL,,
B09NDCTQ4X,SAR096,,
B09BQLFL7M,SET266-KR-NP-XXXL,,
B08XVTQHLF,JNE3518-KR-XS,,
B08RP4WHQ1,JNE3503-KR-XXL,,
B08B3ZB92M,SET218-KR-NP-M,,
B099S7JV54,J0304-TP-XL,,
B0894XBCTK,J0029-KR-S,,
B089G2MSM4,J0038-DR-XXXL,,
B08PVRDJF7,J0105-KR-XXXL,,
B099NS941D,NW035-ST-CP-XXXL,,
B09RKD5FFS,SET346-KR-PP-XXL,,
B091YJGBK7,J0138-KR-XS,,
B091Z6YBC3,J0129-SET-S,,
B08QGLKJTB,J0167-KR-XXL,,
B09KXS8893,J0329-KR-S,,
B0983BXKR4,SET257-KR-PP-XL,,
B08RDTFKPC,J0123-TP-XL,,
B09SDXNPBH,J0398-DR-XXL,,
B09KXWLQJ4,SET334-KR-NP-XS,,
B08B3ZYRNS,J0011-LCD-XL,,
B08N1C6P4L,J0175-KR-M,,
B089G1QSJ9,J0038-DR-S,,
B089FZZRVF,J0016-DR-XS,,
B09QJ49JNZ,JNE3856-KR-M,,
B091GNW3B1,AN208-MUSTARD-M,,
B08BFGV4Z5,JNE3449-KR-XS,,
B08L3R41W4,BTM046-PP-XL,,
B09KXTHBG3,J0226-SKD-XXXL,,
B082Z48ST2,SET116-KR-NP-L,,
B08YZ1PTRF,MEN5014-KR-S,,
B0965KHNST,J0197-TP-XL,,
B094FH94ZQ,JNE3689-TU-M,,
B09K3VMW5P,SET326-KR-PP-XS,,
B083ZZFDDC,JNE3396-KR-S,,
B09813LZV5,JNE3729-KR-S,,
B092D3GKDX,J0111-TP-XS,,
B09K3RFZQF,SET297-KR-NP-XXXL,,
B08KRVBNKD,BTM041-PP-XS,,
B0925X6S6T,J0245-SKD-XL,,
B08WHXRLTH,SET244-KR-NP-XL,,
B089FLTHN4,J0026-KR-XS,,
B099NQKYR1,NW022-TP-PJ-XXXL,,
B09K3WG16S,JNE3750-KR-S,,
B07JKZNYPH,JNE3030-KR-XL,,
B09K3Z5LNH,JNE3766-KR-S,,
B09G2TC4QN,NW027-TP-PJ-XL,,
B093ZRNZ6Q,JNE3702-KR-XS,,
B0943H2M4C,JNE3670-TU-XXXL,,
B07MY3JHTT,SET048-KR-NP-XL,,
B08B4112LV,SET186-KR-DH-XL,,
B08MYVBRWB,JNE3564-KR-XL,,
B09QJ341YQ,JNE3856-KR-L,,
B09297W42R,J0155-KR-XL,,
B0986XVCMN,JNE3666-TP-S,,
B08N4J7J1S,J0134-SET-XXXL,,
B0986YF66N,JNE3669-TU-XL,,
B09K3TNSF1,JNE3796-KR-M,,
B08KSBZ48S,BTM041-PP-XXL,,
B092CZQ156,J0091-TP-M,,
B08V18PD9R,SET242-KR-PP-M,,
B0928XYB8Q,NW013-ST-SR-XS,,
B09TH6L9KF,JNE3838-KR-XXL,,
B08V1PFK7X,J0140-SET-L,,
B09Q3HW4LP,JNE3816-KR-XXL,,
B09G2T43P3,NW027-TP-PJ-XXXL,,
B0986XGW73,JNE3666-TP-XS,,
B092947DQ4,J0159-DR-M,,
B099NQCZY6,NW024-TP-PJ-XXXL,,
B09SDZDPR8,SET307-KR-DPT-XS,,
B09QJ5CST2,JNE3856-KR-XL,,
B098142BFM,JNE3616-KR-XXL,,
B08QGQ95GT,J0280-SKD-XXXL,,
B07CLY4YZQ,JNE2262-KR-569-S,,
B08N46XK8S,J0189-TP-S,,
B099NJJ559,SET274-KR-PP-XXXL,,
B09RKD6FK9,JNE3836-KR-XS,,
B09B78CJTL,NW038-ST-SR-XL,,
B09TH5VZF8,JNE3838-KR-XXXL,,
B0983FNRDN,SET192-KR-NP-M,,
B08HK2BS5H,J0057-DR-XS,,
B099S8DFWD,J0300-TP-S,,
B09RKFC3KR,SET408-KR-NP-XS,,
B09B2CCQXY,JNE3539-KR-XS,,
B09KXTDZSC,SET351-KR-NP-XS,,
B091SPR12B,SET251-KR-PP-XL,,
B081X8BVQN,JNE3420-KR-XXL,,
B09G6KLS6J,JNE3676-TU-XXL,,
B09PDF9RS6,JNE3833-KR-XL,,
B09B2FPJG1,JNE3550-KR-XS,,
B09VC7M7Y4,SET401-KR-NP-XXL,,
B0922SGMFS,NW028-TP-PJ-L,,
B08YYSK77H,MEN5030-KR-S,,
B08V1J46Q6,J0133-KR-XXL,,
B09SDYFVGF,SET307-KR-DPT-XL,,
B0925WH3KP,J0240-SKD-M,,
B09G6GNK7H,JNE3676-TU-M,,
B094FJVXR4,JNE3683-TU-S,,
B0845WMZ1J,BTM026-NP-L,,
B09KXVFFGR,SET353-KR-NP-XS,,
B09KXT8JJX,J0229-SKD-XXL,,
B09QJ4Q9GV,J0378-SKD-XXXL,,
B08QGLNKNG,J0284-SKD-XS,,
B082Z3SP2F,SET138-KR-PP-S,,
B09KXSQBLM,SET336-KR-NP-XS,,
B09RKBKWWZ,JNE3807-KR-XL,,
B09VC53FQW,SET402-KR-NP-XL,,
B09K3XKJJ8,JNE3763-KR-S,,
B09J2JY92R,SAR051,,
B08VS1SYQD,J0100-DR-XS,,
B07H6M9SZS,JNE2032-KR-205-XS,,
B09J2GNT6C,SAR023,,
B09RKD8S67,SET340-KR-NP-XS,,
B08L3SJ51W,BTM042-PP-XL,,
B09QJ52RS4,J0375-SKD-M,,
B099NS6CCS,NW024-TP-PJ-M,,
B07MY44R39,SET055-KR-NP-XXXL,,
B092917W72,BL113-XL,,
B08RJCM9K3,SET210-KR-PP-M,,
B094FJHR9M,JNE3683-TU-XL,,
B099S8LR6M,J0304-TP-XXL,,
B09K3T5S4C,JNE3783-KR-M,,
B08W8L42SF,JNE3470-KR-S,,
B081X28FPT,JNE3445-KR-L,,
B0925VNBS1,J0240-SKD-XS,,
B09TH586J3,JNE3798-KR-A-XL,,
B08YYYZBJY,MEN5010-KR-XXL,,
B07R527RH4,JNE3276-KR-XXL,,
B08ZHP829N,JNE3644-TP-N-XXL,,
B08XNHXXDY,J0233-SKD-XXL,,
B07X3M92Q5,SET128-KR-DH-XS,,
B09KXNDSYF,JNE3790-KR-S,,
B09RK88FZB,JNE3870-DR-XS,,
B08V11133K,J0110-SKD-XXL,,
B09B2CS4HD,JNE3446-KR-XXXL,,
B0926C6D8M,J0080-TP-XXL,,
B09812D48V,JNE3698-KR-S,,
B08ZJCN3DP,JNE3640-TP-N-S,,
B07X2KBB7M,SET128-KR-DH-S,,
B0983D5FVX,J0350-SET-L,,
B092CZQKDB,J0091-TP-L,,
B076HH2K35,JNE2049-KR-351-XL,,
B098134X4J,JNE3581-KR-XL,,
B09HNRFFC5,J0348-SET-XXL,,
B08N4764TH,J0153-DR-XS,,
B08HK5WKD9,JNE3538-KR-XS,,
B09B2DW8S7,JNE3622-KR-XS,,
B07H7DZXHV,JNE2266-KR-490-A-S,,
B08HK4GR65,JNE3458-KR-XS,,
B09K3R9XXS,JNE3769-KR-XL,,
B0894YX22N,J0001-DR-XS,,
B0986Z1LP7,J0336-TP-XS,,
B09539VBXQ,JNE3661-TP-XS,,
B081X1YC1T,JNE3445-KR-XL,,
B092D2R7PV,J0085-TP-XS,,
B09RK9ZWNP,JNE3748-KR-XS,,
B091GP22TP,AN201-RED-M,,
B08L91JRKW,SET195-KR-NP-A-XL,,
B0894XH9WM,J0014-LCD-XXXL,,
B09QJ4KSZ5,J0375-SKD-L,,
B08QGMCLZ9,J0163-SKD-L,,
B098116V7G,JNE3725-KR-XL,,
B0822SW7T3,SET179-KR-PP-XXL,,
B099NQGVWP,NW016-ST-SR-XXL,,
B091GNW6XZ,AN208-MUSTARD-XL,,
B09J1BMKH2,SAR034,,
B09K3XD5K3,JNE3763-KR-M,,
B07K5BNJYC,SET004-KR-SP-A-XL,,
B09RKFJSTZ,SET317-KR-PP-S,,
B081X2LLJZ,JNE3446-KR-XL,,
B099S8WG92,J0294-TP-XXL,,
B07TGHN4G2,SET097-KR-PP-XL,,
B099S7VZK9,JNE3688-TU-XXXL,,
B09536SS8T,JNE3661-TP-XXL,,
B09NQ6XYVZ,JNE3774-KR-XXL,,
B08PV31T1W,J0319-KR-L,,
B07JNFJ8RC,SET004-KR-SP-M,,
B08HK6HVBZ,JNE3471-KR-XXL,,
B099NNKLMF,JNE3717-KR-S,,
B09K3LV84M,SET325-KR-NP-XXL,,
B08394QVKY,BL102-L,,
B099NPQPJF,JNE3758-KR-XS,,
B08RYSR7JQ,J0120-TP-XXL,,
B09RKDLFJ9,SET390-KR-NP-XS,,
B09KXTTVWD,SET300-KR-NP-S,,
B091GPQWGQ,AN206-GREEN-M,,
B097ZZZ83D,JNE3724-KR-XS,,
B0986WDGQS,J0198-TP-XXL,,
B08V1878K6,J0112-TP-XS,,
B0756BSJ7P,JNE2009-KR-310-L,,
B08MYLXB62,J0122-TP-L,,
B07ZYSM62N,JNE3323-KR-A-XXXL,,
B09K3SX1SG,SET303-KR-NP-XXXL,,
B08HK5QBXB,JNE3539-KR-XXL,,
B099NMNZ6S,JNE3757-KR-XXXL,,
B08QGRS8MQ,J0199-SET-XL,,
B08QGM6CQ9,J0278-SET-XL,,
B08B3Z3T26,SET186-KR-DH-XXL,,
B09K3W66GK,JNE3766-KR-XXL,,
B09KRS6GPP,SET306-KR-PP-XXXL,,
B0983FJZP6,SET254-KR-NP-XXXL,,
B0928ZC785,BL113-XS,,
B08N4BTR9G,J0176-TP-S,,
B085GBX15V,BL104-XL,,
B091Y5WCB8,J0187-KR-XL,,
B082Z43GW8,SET185-KR-NP-XXL,,
B08MYTTHJX,JNE3574-KR-S,,
B08YYS3YW2,MEN5001-KR-S,,
B09TZWP436,JNE3885-KR-L,,
B091Q9BRCM,JNE3615-KR-XS,,
B08V19DNL7,J0112-TP-M,,
B092CZVR7X,J0085-TP-XL,,
B08HK3NZ1T,JNE3452-KR-S,,
B09TH4H7T2,JNE3797-KR-A-S,,
B0785PV25K,BL015-63PINK,,
B09NDL4F2Y,SET343-KR-NP-XXXL,,
B0986ZM2QD,JNE3743-TP-S,,
B091Q8934K,JNE3615-KR-XXXL,,
B09NDH9DJ2,SAR107,,
B08L3SG1NG,BTM044-PP-XXXL,,
B08L3T4S5P,BTM047-PP-XXXL,,
B09TH53Q68,JNE3800-KR-A-XXXL,,
B0922S9QM7,NW032-ST-CP-L,,
B0983G35K9,SET275-KR-NP-L,,
B07SF5ZHZ9,BL079-87RED,,
B091GMZ4F3,CH204-PURPLE-S,,
B0986XXMHD,JNE3663-TP-M,,
B08KRKYFJL,BTM040-PP-XL,,
B08MYSNSWX,SET204-KR-DPT-L,,
B08HK3XM36,JNE3541-KR-S,,
B0928XJ3BS,NW013-ST-SR-XL,,
B0922V6M5Q,NW009-ST-CP-XL,,
B091Z7PD7R,J0147-SET-L,,
B08MXD7WBP,JNE3548-KR-M,,
B083176JF9,JNE3403-KR-M,,
B07R3KP7JF,JNE3276-KR-XXXL,,
B09K3SZXWK,J0371-SKD-XXXL,,
B0981199PT,JNE3515-KR-S,,
B081X7WXV5,JNE3434-KR-L,,
B08WJ33QDQ,J0232-SKD-S,,
B0925WDFQK,J0245-SKD-XXXL,,
B09LV1CMCQ,JNE3820-KR-M,,
B08HK3RCYD,JNE3544-KR-S,,
B09HNQX5XK,JNE3726-KR-S,,
B0926TKJ7B,J0238-LCD-L,,
B08N19QDQK,J0151-KR-XS,,
B09HMYJVZR,JNE3530-KR-XXXL,,
B08MYTJ6LH,JNE3606-KR-S,,
B09TH7YFFX,SET394-KR-NP-XXL,,
B089B181YN,SET147-KR-NP-XXL,,
B09K3XNJFG,JNE3752-KR-S,,
B09LV164SN,JNE3820-KR-XL,,
B07TGHN4G4,SET097-KR-PP-L,,
B081X3B7PP,JNE3434-KR-XXL,,
B08BF4R7XL,JNE3531-KR-XL,,
B0986YWGF7,JNE3744-TU-M,,
B08VW65TWT,J0103-SKD-XXL,,
B08B3XRYWJ,J0027-SET-S,,
B08LFVYXTZ,JNE3516-KR-E-XXL,,
B089G2R8D1,J0033-KR-XS,,
B08KS1657Z,SET188-KR-NP-XL,,
B091Q8D5D3,JNE3618-KR-XXXL,,
B082Z43GW9,SET165-KR-PP-XS,,
B0943BSBXT,JNE3680-TU-XL,,
B09KXNHLN3,JNE3789-KR-XL,,
B099NNKHW9,JNE3719-KR-XS,,
B0981389SF,JNE3693-KR-XXL,,
B07R527HMX,JNE3273-KR-M,,
B07THWJPG9,SET097-KR-PP-XXL,,
B07TD8TBPC,SET097-KR-PP-XXXL,,
B08MYMSK2F,J0122-TP-XS,,
B09432Q9ZS,JNE3679-TU-S,,
B09LD3QKCF,PJNE3404-KR-N-4XL,,
B09K3XL88T,JNE3752-KR-XXL,,
B09LD3CGFQ,PJNE3440-KR-N-6XL,,
B08XVFQLH6,JNE3635-KR-XXXL,,
B09LD3655Z,PJNE2014-KR-N-6XL,,
B09LD413M3,PJNE3568-KR-N-4XL,,
B08P1FH8H9,JNE3475-KR-K-L,,
B08QGKVLR7,J0199-SET-XS,,
B085GC49V4,BL107-XL,,
B09B2FSBN9,JNE3539-KR-XXXL,,
B099NN5V8M,JNE3738-KR-XXL,,
B08KR858BX,BTM039-PP-XS,,
B09QJ46ZS7,PJNE3364-KR-5XL,,
B09QJ4M1SQ,PJNE3364-KR-6XL,,
B09LD2KBGR,PJNE3568-KR-N-5XL,,
B091GMKCQP,AN202-ORANGE-M,,
B09BQHKMCM,JNE3722-KR-XS,,
B09LD1CYXT,PJNE3423-KR-N-4XL,,
B082W851GM,JNE3466-KR-S,,
B08YZ18YTZ,MEN5012-KR-S,,
B09LD4H4J5,PJNE2199-KR-N-5XL,,
B0822TZ9MK,SET153-KR-NP-XXL,,
B09TH5KHC9,JNE3800-KR-A-XXL,,
B09LTZDWN1,JNE3823-KR-XL,,
B09LD469Y3,PJNE2014-KR-N-4XL,,
B091GM7KLM,AN209-BIEGE-XL,,
B08QGMNTH6,J0162-SKD-XS,,
B09RSSVWPP,SET376-KR-NP-L,,
B08MYMZ7BK,J0178-TP-XXL,,
B07K5CDPS8,SET004-KR-SP-A-M,,
B09M784Y6P,PSET268-KR-NP-6XL,,
B08W23XVC6,JNE3629-KR-S,,
B082W8SRVT,JNE3415-KR-XL,,
B08YYVCCTQ,MEN5027-KR-XXXL,,
B09LD22L9Q,PJNE2100-KR-N-4XL,,
B08V14N7BJ,J0183-TP-XS,,
B09K3XDYZB,JNE3727-KR-M,,
B09PN4WMPP,SET327-KR-DPT-XS,,
B07MY3PH4P,SET053-KR-NP-XL,,
B09LD586BY,PJNE1906-KR-N-5XL,,
B09LD4DX25,PJNE3440-KR-N-4XL,,
B09LD4D16J,PJNE2014-KR-N-5XL,,
B08MYT5Z1X,SET232-KR-PP-M,,
B07K59HG6D,SET004-KR-SP-A-XXL,,
B09LD35DZ3,PJNE3373-KR-N-5XL,,
B09M778LNG,PSET264-KR-NP-4XL,,
B09PY691XK,PJNE3368-KR-4XL,,
B09K3YZ5W7,JNE3769-KR-XXXL,,
B07MY3LH34,SET034-KR-NP-XXXL,,
B08RJBC5NF,SET210-KR-PP-S,,
B09PDD9PS7,JNE3833-KR-S,,
B082Z4DYJP,SET138-KR-PP-XL,,
B09KXW2VRL,J0226-SKD-XS,,
B09CT26638,JNE3630-KR-XL,,
B0943KXKSP,JNE3686-TU-XXL,,
B09RKBS1NK,JNE3732-KR-XL,,
B09KXPXRMJ,JNE3789-KR-XXL,,
B098735JQJ,JNE3657-TP-XXL,,
B09K3JVNR9,SET297-KR-NP-L,,
B07V8FGN7B,SET091-KR-NP-S,,
B0894YCFX3,J0028-KR-S,,
B08VWKSVV7,J0103-SKD-XS,,
B08BF9216Z,JNE3531-KR-M,,
B08YYTKV6N,MEN5028-KR-XXXL,,
B09RKGNMW4,SET346-KR-PP-S,,
B09TH4D6DQ,JNE3878-KR-XXL,,
B09M77164V,PSET264-KR-NP-6XL,,
B08YZ175W4,MEN5012-KR-XXXL,,
B09295QKVX,J0141-KR-XXL,,
B09SDZD4QS,JNE3813-KR-S,,
B09LD2B185,PJNE3404-KR-N-6XL,,
B09PY7YGTC,PJNE3607-KR-4XL,,
B07MY3YNK2,SET034-KR-NP-XXL,,
B082W8LGW2,JNE3466-KR-XXL,,
B09PDFD6XJ,PSET043-KR-NP-6XL,,
B07MY3DFJ3,SET037-KR-NP-S,,
B0894XKJNW,J0001-DR-XL,,
B0894XPW4B,J0001-DR-L,,
B09832W8FF,JNE3706-DR-XS,,
B09LD4YZCR,PJNE3399-KR-N-5XL,,
B08YYSCDV6,MEN5013-KR-XXXL,,
B08L3SV4VD,BTM042-PP-M,,
B097ZZQKJQ,J0355-KR-XXL,,
B08TZJNCGW,SET242-KR-PP-XS,,
B09G6M8T9G,JNE3676-TU-XS,,
B08MYRD2QH,JNE3563-KR-XXL,,
B082W7S1S8,JNE3401-KR-XXL,,
B08BF4Q6HS,JNE3457-KR-L,,
B09LD2TYRQ,PJNE3423-KR-N-5XL,,
B08V1F5SFX,J0131-KR-XL,,
B089G1RT1M,J0033-KR-M,,
B09KXVJ79X,SET321-KR-DPT-L,,
B08YNTWWHJ,J0077-SKD-XL,,
B08L3SHYZH,BTM043-PP-XL,,
B07T2Y26QM,JNE3364-KR-1051-XXXL,,
B099F9WGPG,J0299-KR-XL,,
B08BK44QHH,J0044-TP-XS,,
B09K3BNSHD,SET305-KR-DPT-XXXL,,
B08HK4F725,JNE3545-KR-M,,
B09B3FL96V,JNE3654-TP-S,,
B09K3YQFHY,JNE3766-KR-XS,,
B08TZSK757,J0184-KR-M,,
B085CFCWG7,BTM033-NP-XXL,,
B09KXVBJ19,SET334-KR-NP-XXXL,,
B0822SZQCF,SET153-KR-NP-XXXL,,
B09812CN87,JNE3504-KR-S,,
B09TZXWWXN,JNE3885-KR-XXL,,
B09TL1154N,JNE3625-DR-XXXL,,
B09LD2Z87J,PJNE3405-KR-N-6XL,,
B07XXW5NQG,JNE3279-KR-A-XXL,,
B09811SPB4,JNE3515-KR-L,,
B08HHJJ6QW,J0058-DR-XS,,
B0965JVJSK,J0214-TP-S,,
B09LD3CGF9,PJNE3568-KR-N-6XL,,
B07XJ4FGKZ,JNE3313-KR-A-M,,
B09LD2438C,PJNE3423-KR-N-6XL,,
B08XQ9CCD8,SET245-KR-NP-XS,,
B09K3WYKQR,JNE3767-KR-M,,
B089G2NH3L,J0074-TP-XL,,
B09LD21CHJ,PJNE2270-KR-N-4XL,,
B09LD334ZR,PJNE3405-KR-N-4XL,,
B08MYVX2D9,JNE3574-KR-XL,,
B0965NBY8K,J0202-TP-XXXL,,
B09K3HWVZW,J0370-SKD-XXL,,
B09KXRHN4T,J0329-KR-XXL,,
B08V14XR7C,J0161-DR-XXL,,
B091GN6YN2,AN205-YELLOW-S,,
B08MYT716W,SET204-KR-DPT-S,,
B0943JG975,JNE3686-TU-XS,,
B09PCZGK6J,PSET043-KR-NP-4XL,,
B083ZSJH3T,JNE3428-KR-XL,,
B09CT2T32X,J0351-SET-M,,
B08HK7JDDM,JNE3539-KR-XL,,
B08V11XFHG,J0133-KR-A-M,,
B09LD3VCRC,PJNE3363-KR-N-5XL,,
B09811D23W,J0355-KR-XL,,
B07WP5DKF9,JNE3323-KR-S,,
B08LDMNWYJ,JNE3474-KR-E-L,,
B09DY9WP49,J0347-SET-XS,,
B08W9SF7FS,SET194-KR-NP-S,,
B09LTZZW68,JNE3823-KR-XS,,
B07WPVBJ3D,SET131-KR-NP-A-S,,
B09QJ44CRR,J0375-SKD-XL,,
B09LD1C5B2,PJNE3363-KR-N-4XL,,
B08QGRKXZ6,J0181-TP-XL,,
B09291NNSB,BL110-M,,
B089G1MZBB,J0034-SET-XS,,
B09295DS1X,J0136-KR-XS,,
B09432HB15,JNE3680-TU-A-L,,
B08BK59ZWF,J0044-TP-S,,
B0822T1752,SET172-KR-PP-B-XXXL,,
B0793RCTKZ,JNE2101-KR-210-L,,
B09PXVLXHD,PSET058-KR-NP-4XL,,
B09KXT72V5,J0229-SKD-S,,
B099NMVCHZ,JNE3741-KR-XS,,
B09K3R8WJ3,JNE3769-KR-S,,
B09TH54761,JNE3798-KR-A-M,,
B07VRCJKXQ,SET130-KR-NP-XL,,
B07WV3V8RH,JNE3323-KR-L,,
B08ZJ72JTV,JNE3668-TP-N-XXL,,
B0983DV4F1,J0346-SET-S,,
B09M6VB1SL,J0228-SKD-L,,
B089G1L2FY,J0033-KR-XL,,
B08QHMWG9W,J0166-DR-M,,
B07R3KNLWD,JNE3252-KR-XXXL,,
B085GCDVR6,BL104-XS,,
B0925XB1G4,J0242-SKD-M,,
B08HK4T9MQ,J0062-DR-XXL,,
B0793QT2YL,JNE2086-KR-389-S,,
B07X3N1V7J,SET112-KR-SP-XS,,
B09KRTQ8MX,SET306-KR-PP-XL,,
B09B3GNW8K,JNE3669-TU-XXXL,,
B08TH2FGQR,JNE3608-KR-XXXL,,
B08MYQWXZP,J0178-TP-L,,
B083SLRXQ2,JNE3389-KR-A-XXL,,
B094FNYW6V,SET270-KR-PP-L,,
B091Y5MSRY,J0138-KR-M,,
B08YNRHNTR,J0077-SKD-XS,,
B09K3VRZKK,JNE3785-KR-XS,,
B0893FQGM3,JNE3429-KR-XXL,,
B08L93FSH6,SET193-KR-NP-A-XXXL,,
B089G33LW9,J0093-DR-M,,
B082Z38B7C,SET136-KR-PP-L,,
B091Z7PFTG,J0147-SET-XXXL,,
B08WCT2T48,JNE3441-KR-E-M,,
B08TZZD456,J0112-TP-XL,,
B08MXF3X54,JNE3571-KR-XL,,
B08QGNSPLJ,J0171-DR-XL,,
B08C337S6N,J0075-KR-M,,
B0922T4453,NW004-TP-PJ-S,,
B09M77H766,PSET268-KR-NP-5XL,,
B09K3T1BYC,JNE3783-KR-XS,,
B09LD4PKWG,PJNE1906-KR-N-4XL,,
B09LTZTJ3G,JNE3817-KR-XXXL,,
B09VC25511,JNE3895-TP-L,,
B09RKFDS7P,SET413-KR-NP-XXXL,,
B07D37BTV6,BL050-83RED-A,,
B09B2FP6L2,JNE3491-KR-XXXL,,
B08C32PKRR,J0073-KR-XL,,
B08V191THX,J0180-DR-XXXL,,
B08BJSGKD8,J0104-KR-XL,,
B08KRYMGNM,BTM037-PP-XL,,
B089B1BCRS,SET147-KR-NP-M,,
B09LTZHZKM,JNE3821-KR-XXL,,
B07MY3TC2M,SET037-KR-NP-L,,
B09M6SMZ1M,J0254-SKD-S,,
B08QGRLTWG,J0172-TP-XS,,
B08MXB2MP8,JNE3547-KR-L,,
B09K3Z2V8X,JNE3791-DR-M,,
B09LTZZH7X,JNE3823-KR-S,,
B09M78RCYW,PSET268-KR-NP-4XL,,
B08YYR9YQK,MEN5015-KR-S,,
B09LTYYPPT,JNE3820-KR-L,,
B08V1J175W,J0154-DR-M,,
B09QJ5FDW7,PJNE3364-KR-4XL,,
B09RKDJVK4,SET395-KR-NP-S,,
B09NDFZG1T,SAR109,,
B08V1LQZL9,J0161-DR-L,,
B08MXCXFK7,JNE3547-KR-XXL,,
B08MYSTW9C,JNE3577-KR-XXL,,
B07WW4LF5T,JNE3323-KR-M,,
B09J2H8MLV,SAR026,,
B081X8RQQ7,JNE3391-KR-L,,
B0893DRKK7,JNE3438-KR-XXXL,,
B08ZHVQXGS,JNE3651-TP-N-XS,,
B09871DR4Z,J0205-TP-XXXL,,
B08BFBQ68W,JNE3531-KR-XXL,,
B09B2G6SF4,JNE3622-KR-XXXL,,
B09KXTSG9G,SET336-KR-NP-L,,
B09HMHPQGR,JNE09187-PINK-SR-JP7104RNV,,
B07WS17X3T,JNE3323-KR-XXXL,,
B07JKYYYGM,JNE3042-KR-XL,,
B091Q9NYLN,JNE3624-KR-XL,,
B0925TYNQY,J0235-SKD-M,,
B09LD4QSZF,PJNE1906-KR-N-6XL,,
B081WYGJFV,JNE3436-KR-XL,,
B09PDT48PM,PSET043-KR-NP-5XL,,
B0793RH6B3,JNE2132-KR-398-XL,,
B0983DFCLF,SET258-KR-PP-XXXL,,
B08L92KTJP,SET195-KR-NP-A-XXL,,
B08V1BQ19Q,J0161-DR-M,,
B0822TPVM4,SET179-KR-PP-L,,
B099S75VRF,J0294-TP-XL,,
B09LD23ZZN,PJNE2270-KR-N-5XL,,
B09M779C74,PSET264-KR-NP-5XL,,
B09RKGBMF9,J0248-KR-DPT-M,,
B07THTXK14,SET097-KR-PP-XS,,
B08YYTZRBY,MEN5014-KR-L,,
B091Z4QSMZ,J0137-SET-XS,,
B07PBDM3K7,SET043-KR-NP-XS,,
B08XQ9LFN7,SET245-KR-NP-XXL,,
B07ZYQQBPV,JNE3323-KR-A-S,,
B09NDHYR5S,SAR132,,
B085GBZFKQ,BL099-L,,
B08TZXR8CT,J0140-SET-XXXL,,
B08TZY27TQ,J0133-KR-XXXL,,
B07MY3BVB5,SET055-KR-NP-S,,
B07WV1W874,JNE3323-KR-XS,,
B09B29BR1P,JNE3570-KR-XS,,
B09KXVKF4N,SET321-KR-DPT-XXL,,
B09J2GXC63,SAR049,,
B08N1C9LPF,J0179-KR-XXXL,,
B09KXV8JGD,SET300-KR-NP-XS,,
B09K3YXSZZ,SET326-KR-PP-XL,,
B0943BJRF9,JNE3684-TU-XL,,
B09LD3SPHL,PJNE3404-KR-N-5XL,,
B07SSFKV8L,SET100-KR-PP-M,,
B09KXW381R,SET336-KR-NP-S,,
B08QGJ4YT1,J0142-KR-L,,
B08V1DNBNG,J0160-TP-L,,
B09PDMYX2R,PJNE3291-KR-5XL,,
B08QGLKDVJ,SET236-KR-PP-XXL,,
B0929B9WNZ,J0143-SET-A-L,,
B092CZS27J,J0091-TP-XXL,,
B09Q3K6MKT,JNE3816-KR-XXXL,,
B09PN1HZ58,SET327-KR-DPT-XL,,
B09811YS6G,JNE3729-KR-XXL,,
B0986XM87V,JNE3666-TP-M,,
B09HMM4MC1,NW023-ST-SR-XL,,
B09812S9WJ,JNE3728-KR-M,,
B07MY42BWD,SET037-KR-NP-M,,
B09DYCPNJP,J0347-SET-L,,
B07R527BFQ,JNE3265-KR-M,,
B07DTK1PJP,JNE2251-KR-537-C-L,,
B08QGMS3VM,SET236-KR-PP-S,,
B09PN37FYX,SET327-KR-DPT-S,,
B08YZ1YL7X,MEN5018-KR-XXXL,,
B08TZYHH9F,J0112-TP-S,,
B07VT36FWJ,SET132-KR-NP-L,,
B09TZX3QMX,JNE3887-KR-XS,,
B0822THJ2X,SET179-KR-PP-XL,,
B09LD3J684,PJNE3373-KR-N-4XL,,
B08TZRP3LM,J0183-TP-M,,
B09RKFS437,SET390-KR-NP-XXXL,,
B08TZQXJ12,J0154-DR-L,,
B08MYV4CHS,JNE3577-KR-S,,
B09LD3CHKT,PJNE3252-KR-N-4XL,,
B07JM9DLHF,JNE2086-KR-389-XXXL,,
B09VC57SBH,SET402-KR-NP-XXL,,
B08HK6JVFW,JNE3539-KR-S,,
B08RDTX119,J0165-TP-S,,
B08N1C5V5M,J0151-KR-L,,
B099NP12NN,JNE3738-KR-S,,
B0893FZX69,JNE3438-KR-XS,,
B0893DNWGP,JNE3429-KR-XS,,
B08TZVC757,J0192-TP-XXL,,
B07RQR6SS8,SET062-KR-SP-XS,,
B099NSFMT2,J0305-DR-L,,
B09KXTJT1V,SET313-KR-NP-XXXL,,
B08ZHKVL9T,JNE3644-TP-N-XS,,
B09J173FMS,SAR029,,
B09BQKXPKV,SET271-KR-NP-M,,
B07ZYQQZ28,JNE3348-KR-XL,,
B08WHM7TGG,J0232-SKD-XXXL,,
B0899ZS4V5,JNE3524-KR-XXXL,,
B08WHZPCZ8,SET250-KR-SHA-XXXL,,
B09SDXH28J,JNE3779-KR-S,,
B082W86P2W,JNE3415-KR-M,,
B099NKW12J,SET274-KR-PP-L,,
B08HK3YJPX,JNE3481-KR-XL,,
B09432J11D,JNE3674-TU-XS,,
B0929376M6,J0155-KR-L,,
B09SDY9P75,JNE3813-KR-L,,
B0899G3B22,J0023-TP-XS,,
B08V18F981,J0160-TP-S,,
B0943BMD3R,JNE3684-TU-XXXL,,
B08RYR23RH,J0120-TP-L,,
B07P669H2J,SET043-KR-NP-XXXL,,
B09PYMZFQC,PSET058-KR-NP-5XL,,
B09811CLPG,J0354-KR-XL,,
B09SDZHJ3Q,JNE3879-DR-L,,
B09RSMSMCX,SET376-KR-NP-S,,
B098132MX4,JNE3729-KR-XS,,
B099NR6SDK,NW022-TP-PJ-S,,
B09K3SHHMP,JNE3764-KR-XS,,
B099NQZBLR,J0302-DR-XXXL,,
B099FDBKFN,J0299-KR-XXL,,
B09KXXDYJY,SET336-KR-NP-M,,
B08463N35Y,BTM029-NP-L,,
B0943J7V7G,JNE3686-TU-XXXL,,
B09437C4NJ,JNE3684-TU-M,,
B08BF57YXW,JNE3532-KR-XXL,,
B092944SYW,J0155-KR-S,,
B08ZJ9R3JT,JNE3647-TP-N-XXL,,
B099NDNDD4,J0345-SET-M,,
B0781HNCDV,BL023-74PINK-B,,
B08MYN67BF,JNE3564-KR-S,,
B09QJ4BZPH,SET364-KR-NP-XXXL,,
B08N4RLSR9,SET240-KR-PP-S,,
B091SG596W,SET251-KR-PP-L,,
B0743DHFCD,JNE1408-KR-UDF19-A-XL,,
B09KXV3S1Q,SET321-KR-DPT-XS,,
B07VT26L3N,SET130-KR-NP-XS,,
B08B3Y2GDH,JNE3528-KR-XXL,,
B099FC8JQ7,JNE3721-KR-XXXL,,
B09BQKLVP2,SET271-KR-NP-XXXL,,
B091Z4VV68,J0137-SET-XXL,,
B09KXRCJ16,J0328-KR-M,,
B081X57LDF,JNE3447-KR-M,,
B08L3T722J,BTM047-PP-L,,
B09KXV1B67,SET351-KR-NP-S,,
B09RSW21QS,SET376-KR-NP-M,,
B07HX3PL79,JNE3065-KR-L,,
B077Z4ZBHC,BL009-61BLACK,,
B08XQBGZXD,SET245-KR-NP-L,,
B085NYG5CR,SET182-KR-DH-K-M,,
B08W9TL7M6,JNE3472-KR-XXXL,,
B09RKF1VY3,SET373-KR-PP-S,,
B092CZ9NG6,J0098-TP-L,,
B09RKKTHC2,SET317-KR-PP-XS,,
B091YFLK7F,BL111-M,,
B08BFT32TR,JNE3457-KR-XXXL,,
B09TH3GYN7,JNE3798-KR-A-XXL,,
B08WQ64YYX,JNE3510-KR-XXXL,,
B085HSRZK7,SET182-KR-DH-XXL,,
B09TH7395H,JNE3878-KR-M,,
B09Y27F7WY,JNE3904-DR-XXXL,,
B082PV57K3,SET154-KR-NP-S,,
B09YYQ9MG4,J0390-TP-XXXL,,
B098736GK5,JNE3687-TU-XXXL,,
B07WP5GTCV,JNE3346-KR-XXL,,
B09K3T1VGX,JNE3788-KR-XL,,
B08N1C4SQW,J0175-KR-S,,
B099NLVNN3,JNE3756-KR-XS,,
B07R5WHRWL,JNE3252-KR-XXL,,
B09YNXQF36,SET436-KR-NP-XS,,
B081WPK66G,JNE3440-KR-XL,,
B09Y3FF9K3,SET335-KR-NP-L,,
B09YYS4ZTZ,JNE3905-DR-XXXL,,
B09K3ZCQPF,JNE3753-KR-S,,
B09NPX4V9M,SET341-KR-NP-M,,
B09Y3GNPT8,SET415-KR-NP-XS,,
B09CSZLP1V,JNE3456-KR-S,,
B07R4ZMLC9,JNE3265-KR-L,,
B09SDYV2FL,J0398-DR-XS,,
B09Y3CVP18,JNE3862-TU-L,,
B09Y3MWCDM,SET357-KR-NP-M,,
B09YYPQ7NW,JNE3905-DR-S,,
B09Y25NR54,JNE3904-DR-L,,
B09YYRG28X,JNE3905-DR-M,,
B0986XNKJJ,JNE3671-TU-XL,,
B08QJM4J9Z,JNE3601-KR-L,,
B08BK6J6GT,JNE3535-KR-XL,,
B09KXVBP7J,SET318-KR-SHA-XXL,,
B091GV1PQR,JNE3713-TP-N-XXL,,
B09Y3G52V3,SET357-KR-NP-L,,
B09RKC564X,JNE3837-KR-XXXL,,
B09K3TBL37,JNE3791-DR-L,,
B09YP11Q7X,J0389-TP-XXL,,
B09YYR23XR,JNE3905-DR-XXL,,
B09TY2JJ87,J0413-DR-S,,
B09YYKZKXG,JNE3875-KR-L,,
B0822TP7C8,SET152-KR-NP-S,,
B082Z45L52,SET139-KR-PP-XXXL,,
B09VZ6KYPK,SET403-KR-NP-L,,
B08VWLBY4C,J0182-SET-S,,
B09XKC4KRL,JNE3928-KR-XS,,
B085HMQ2RT,JNE3395-KR-XXXL,,
B09X1TZ3CB,SET404-KR-NP-XL,,
B09Y3HP5ZC,SET435-KR-NP-XS,,
B09RKDDHSL,J0225-SKD-XL,,
B09TZTRT9P,JNE3885-KR-XS,,
B099NP7JBN,JNE3739-KR-S,,
B09Y3GKBNS,SET414-KR-NP-XL,,
B09K3Z6858,JNE3753-KR-XS,,
B09SDXQK2Z,JNE3860-DR-XL,,
B09M75Y9HB,NW036-ST-SR-S,,
B08N195F16,J0177-KR-S,,
B08HK2J8D7,JNE3485-KR-XS,,
B09YYQT81M,J0390-TP-XS,,
B098755S1W,JNE3665-TP-M,,
B09YNWCBX7,SET436-KR-NP-L,,
B098P4Z9WZ,J0212-DR-L,,
B09433TH8P,JNE3674-TU-S,,
B09TH7XJXH,SET433-KR-NP-M,,
B09Y27XPDB,JNE3871-KR-S,,
B09PD1SNDL,PJNE3291-KR-4XL,,
B09Y3C1YGP,J0418-TP-XS,,
B09TH33GBM,JNE3800-KR-A-XL,,
B09Y26H8X1,JNE3904-DR-M,,
B09QJ3WTBP,SET299-KR-PP-S,,
B09YYL9FK7,J0386-KR-XL,,
B09XKD3831,JNE3928-KR-L,,
B08B3Z52F7,SET218-KR-NP-L,,
B08PV2M3WK,J0314-KR-S,,
B09XKCLYWF,JNE3928-KR-XL,,
B09YYKD8P1,J0385-KR-S,,
B09LD52G37,PJNE2270-KR-N-6XL,,
B08TZYS47B,J0126-SKD-XL,,
B09SDYKL4S,J0402-DR-S,,
B08PVSVS2K,J0106-KR-XS,,
B08QGMZQ2B,J0127-SKD-XL,,
B09KXVBL7Q,J0226-SKD-XXL,,
B09LD41FDF,PJNE3421-KR-N-5XL,,
B09LD4M5WF,PJNE3421-KR-N-4XL,,
B09B2FJXRX,JNE3445-KR-XXXL,,
B08L94HHJB,SET198-KR-NP-A-S,,
B081WPK3QW,JNE3389-KR-XL,,
B09PN35VJ9,SET327-KR-DPT-XXXL,,
B0983CZ6KT,SET254-KR-NP-L,,
B08QGLS28J,J0164-DR-XS,,
B099NJZLK9,SET274-KR-PP-XS,,
B09LTZ3XVM,JNE3821-KR-XS,,
B09TXZFVGT,J0416-DR-XS,,
B09SDY9VSJ,JNE3779-KR-XXXL,,
B085Y52K8G,BTM008-B-L,,
B09SDXLYCD,J0397-DR-S,,
B09TXZM6DM,J0415-DR-XL,,
B0967P9TBD,J0207-DR-L,,
B09YYRHFQ1,JNE3905-DR-XS,,
B09KXNZQN4,JNE3792-KR-XL,,
B07MY41C7X,SET053-KR-NP-XS,,
B09TY22KD3,J0413-DR-XL,,
B09LD1W5YQ,PJNE3421-KR-N-6XL,,
B09X1TJ4BX,SET404-KR-NP-L,,
B07T3ZRHR8,JNE3363-KR-1032-L,,
B08B4JHTTV,J0021-TP-XXL,,
B099S5HHX7,J0307-TP-L,,
B09TZRWSM1,JNE3892-TP-L,,
B09Y26SM95,JNE3904-DR-XL,,
B09RKDRDRJ,SET340-KR-NP-S,,
B09TZX7G1Q,JNE3887-KR-S,,
B09TY2KSY6,J0413-DR-XS,,
B09NQ6XWR5,JNE3780-KR-XL,,
B09SDY5W8F,J0400-DR-XL,,
B09KXTCNCX,J0229-SKD-XL,,
B094FJZJ84,J0196-TP-S,,
B07R5X6P32,JNE3261-KR-XL,,
B08QGLNBPC,JNE3553-KR-XXL,,
B07VT3QVYC,SET130-KR-NP-M,,
B0983CDVST,SET272-KR-PP-L,,
B08C337G7K,J0072-KR-S,,
B091GLLF5D,AN213-BROWN-L,,
B07H7FBBTH,JNE2300-KR-594-A-S,,
B099NJ9F31,SET285-KR-SHA-XXXL,,
B094FM7FSB,JNE3701-KR-S,,
B099NN1G6X,JNE3739-KR-M,,
B09X1X594S,JNE2131-KR-A-S,,
B092D2J6R6,J0082-TP-XS,,
B0928XLFKD,NW031-TP-PJ-XS,,
B09B2CGLXT,JNE3548-KR-XS,,
B09CTHW7LF,JNE3630-KR-XS,,
B09HMX1NZK,JNE3628-KR-XS,,
B09XKBVTS7,JNE3928-KR-S,,
B09K3WGHQW,JNE3771-KR-L,,
B09VC3SW7R,JNE3891-TP-XXXL,,
B08VW7WT5W,J0103-SKD-A-M,,
B09KXSYDX1,J0252-SKD-XXL,,
B09M76HW7B,NW036-ST-SR-XS,,
B091GN37F3,AN210-NAVY-M,,
B09Y3GFK82,SET415-KR-NP-XXXL,,
B09Y26X9YF,JNE3888-KR-XXXL,,
B091GP6Q9K,AN213-BROWN-M,,
B09TZWX43X,JNE3885-KR-XL,,
B09K3YW9BR,JNE3767-KR-XXXL,,
B07P6QBFBW,JNE3255-KR-XXXL,,
B09Y3FNK98,SET335-KR-NP-XXXL,,
B08BF7BGBY,JNE3451-KR-XS,,
B098P3LXT1,J0157-DR-S,,
B09TY2F73Y,J0415-DR-XS,,
B09QJ452KG,J0375-SKD-XS,,
B09TZSQCV8,JNE3865-TP-XS,,
B09K3T461V,JNE3771-KR-S,,
B09VZ5THVZ,SET403-KR-NP-XXXL,,
B08XNFL1ZY,J0233-SKD-XL,,
B09RKDCVB7,SET373-KR-PP-XL,,
B09Y26ZBXR,JNE3888-KR-S,,
B09TH748BK,SET433-KR-NP-XXL,,
B09Y3H5PY8,SET357-KR-NP-XXL,,
B07VSG51P9,SET129-KR-NP-XL,,
B09XKFFHKP,JNE3928-KR-M,,
B09RKDBVR6,JNE3734-KR-XL,,
B09YYPH5ZZ,J0391-TP-L,,
B09YYPBRY6,J0390-TP-L,,
B09RSFK4CT,SET376-KR-NP-XL,,
B08PVV8HQK,J0106-KR-XXL,,
B09Y3H5GTG,SET410-KR-NP-XS,,
B09LD52HML,PJNE3252-KR-N-5XL,,
B09RPQ5GRL,SET409-KR-NP-S,,
B09YYQ12KB,J0391-TP-XL,,
B09YYPJP5K,J0388-TP-M,,
B09RKDQ8F6,SET373-KR-PP-XXL,,
B09J1F917W,SAR061,,
B083SMH6R8,JNE3394-KR-A-S,,
B08QJLTMRK,JNE3601-KR-XS,,
B09K3XM5G2,JNE3745-KR-XS,,
B08C32FDM9,J0073-KR-L,,
B09YYJZ5M2,J0385-KR-XS,,
B09YYLQMRC,J0385-KR-XL,,
B09VZ6JXDC,SET403-KR-NP-M,,
B08V11K2RR,J0145-SET-M,,
B09RKF5638,SET346-KR-PP-M,,
B091GLRHWZ,AN204-PURPLE-L,,
B09K3R7V1C,JNE3767-KR-XL,,
B09TZXL47Z,JNE3866-KR-XXXL,,
B07XXV7MPT,JNE3279-KR-A-XXXL,,
B09X1TQTGX,JNE2294-KR-A-XL,,
B09RKDH8RL,SET310-KR-NP-XXXL,,
B09VC2WZWF,JNE3893-TP-L,,
B08QGLD76L,J0163-SKD-XL,,
B08B3YXMPB,SET218-KR-NP-XS,,
B08RDTZLH6,J0123-TP-XXXL,,
B085GBDZQS,BL098-XL,,
B09Y1XPX83,JNE3898-KR-XXXL,,
B09Y26S7X8,JNE3888-KR-XXL,,
B09B2F8N1G,JNE3576-KR-XXXL,,
B09K3SMBMP,J0372-SKD-XS,,
B09PCZW5L1,PJNE3291-KR-6XL,,
B09RKFC5WN,JNE3734-KR-XXXL,,
B082PXXBXM,SET154-KR-NP-L,,
B09Y3F7W6T,SET357-KR-NP-XXXL,,
B08316ZX2Q,JNE3403-KR-S,,
B09RKF3LFQ,SET373-KR-PP-XXXL,,
B09X1W13TX,SET404-KR-NP-S,,
B09TZV1KZC,SET338-KR-NP-XL,,
B09K3Y651M,JNE3768-KR-XXXL,,
B09TZVFLT6,SET338-KR-NP-S,,
B081WQLSMD,JNE3369-KR-XXXL,,
B0894H79NH,J0014-LCD-XXL,,
B08W9TPGC6,SET202-KR-NP-M,,
B09Y3GRPZZ,SET414-KR-NP-XXL,,
B09TH5PRZP,JNE3878-KR-S,,
B09HMX1GSN,JNE3573-KR-XXXL,,
B099NNG899,JNE3720-KR-S,,
B08N4SLRMB,J0193-SET-XXXL,,
B09LD4V2B7,PJNE3445-KR-N-6XL,,
B08KS4ZT3H,BTM041-PP-L,,
B0925X1C7Q,J0241-SKD-XS,,
B085Y4FKN7,BTM021-B-XXXL,,
B08MXC2LYX,JNE3571-KR-L,,
B08CDQ4T1Y,JNE3467-KR-XXL,,
B09K43LV3W,JNE3791-DR-S,,
B09Y28JVC5,JNE3898-KR-M,,
B09K3XSC7K,JNE3788-KR-XXL,,
B093ZS97TX,JNE3700-KR-M,,
B082W7Y4YW,JNE3415-KR-S,,
B082W7ZBTC,JNE3416-KR-M,,
B09Y3215FY,SET435-KR-NP-XL,,
B09YYLP9S5,JNE3875-KR-M,,
B08L93V2SR,SET200-KR-NP-A-L,,
B09VC3V5WH,JNE3893-TP-XXL,,
B099NLY5W8,JNE3739-KR-XS,,
B07K5D7HCN,SET025-KR-SP-A-XS,,
B0793S7MBC,JNE2086-KR-389-M,,
B07R66BZ4P,SET058-KR-NP-XS,,
B09M736YRK,J0330-KR-XXXL,,
B07RRVK3Z2,JNE3296-KR-XXL,,
B09RKBYSR5,JNE3811-KR-L,,
B09M6SDYDS,J0381-SKD-XXL,,
B09YYP7CSR,J0391-TP-XXXL,,
B09YYPWNT8,JNE3905-DR-XL,,
B09YNZMX44,J0389-TP-S,,
B08V1FH81X,J0112-TP-XXL,,
B07WS17JHK,JNE3346-KR-M,,
B09K3YC4X8,JNE3765-KR-L,,
B09TY289H8,J0413-DR-L,,
B092D464GQ,J0116-TP-XXL,,
B094FMS2BZ,JNE3701-KR-M,,
B08PV675F2,J0290-CD-XL,,
B09K3X4SXS,JNE3727-KR-S,,
B08QGPR79W,J0162-SKD-M,,
B091SRDNTH,SET251-KR-PP-XXXL,,
B08P1FQJJ4,JNE3475-KR-K-XXL,,
B09K3Y4VFR,JNE3803-KR-XXXL,,
B07RSXMQC2,JNE3296-KR-S,,
B09KXTJWW7,SET352-KR-NP-S,,
B08QGM3XMF,J0282-SET-M,,
B08L3STPRX,BTM043-PP-XXXL,,
B09M6TQ7DJ,J0228-SKD-M,,
B0899W4QJG,SET147-KR-NP-XS,,
B09YYMDKGN,JNE3875-KR-XL,,
B098117XW1,JNE3500-KR-XL,,
B09B2F2WSN,JNE3577-KR-XXXL,,
B08HHJQL5Q,JNE3485-KR-L,,
B09KXPW9PJ,JNE3733-KR-S,,
B09K3XBDC1,JNE3727-KR-XS,,
B0922T9X46,NW015-TP-PJ-XL,,
B085HSGGW1,SET121-KR-NP-L,,
B08HK3J933,JNE3485-KR-XL,,
B08V1DCK52,J0145-SET-L,,
B07TJW1RGW,SET078-KR-NP-S,,
B09XKC6FSQ,JNE3928-KR-XXL,,
B08JGZY8TC,JNE3537-KR-S,,
B083SN3BWB,JNE3394-KR-M,,
B085HHZ2YC,JNE3453-KR-M,,
B07SHCJLTR,JNE3313-KR-XXXL,,
B08HHJPSL3,JNE3485-KR-XXXL,,
B09439XYNZ,SET262-KR-NP-M,,
B09TZX82WT,JNE3887-KR-M,,
B09TY273FQ,J0414-DR-XS,,
B09TZXLP3W,JNE3885-KR-XXXL,,
B09Y28D29F,JNE3899-KR-S,,
B08RDTP3SY,J0165-TP-XS,,
B09SDYF8VW,J0398-DR-L,,
B09B2DSNV3,JNE3526-KR-XS,,
B08YYSPDYL,MEN5016-KR-XXL,,
B08MYTT8X8,SET204-KR-DPT-M,,
B08QJL3RQ5,JNE3601-KR-M,,
B09YNZ41ZY,SET436-KR-NP-XL,,
B09KXT1W6F,SET352-KR-NP-M,,
B083SN3D8R,JNE3389-KR-A-XS,,
B09SDYHTPZ,SET307-KR-DPT-XXL,,
B0922TWFYK,NW001-TP-PJ-XS,,
B08KRQ3Z3V,BTM041-PP-XL,,
B09RKBWYBM,JNE3748-KR-L,,
B09KXVLVT5,SET352-KR-NP-XXXL,,
B09Y26R9WV,JNE3904-DR-XS,,
B08P1GJQCG,JNE3475-KR-K-XL,,
B09VZ6LZZZ,SAR154,,
B08ZHFLHG7,JNE3651-TP-N-S,,
B09TKZPRDH,JNE3637-KR-XXXL,,
B091GKR2J5,AN211-BLACK-L,,
B08QGLX42J,J0142-KR-XS,,
B09Y3C8XJP,J0419-TP-M,,
B08QGN81JK,J0278-SET-S,,
B09YYN9MHH,J0388-TP-XS,,
B08QGNW8NJ,J0166-DR-S,,
B09KXTTX5T,SET301-KR-PP-M,,
B09M766H3H,NW034-TP-PJ-S,,
B09YYQZYV4,J0390-TP-M,,
B08B4J3C26,J0048-TP-XS,,
B07XM6GFZ5,JNE3279-KR-A-XS,,
B09YYP1S5F,J0390-TP-S,,
B08MYW7YSS,SET232-KR-PP-XXL,,
B08PV2QT9V,J0319-KR-XXL,,
B07MY3B5V6,SET034-KR-NP-S,,
B09436FYYN,JNE3642-TP-L,,
B09435CZV7,JNE3674-TU-XXXL,,
B08VW3P7X2,J0103-SKD-L,,
B07WP5FFS8,JNE3371-KR-XXL,,
B09Y3GFHGG,SET435-KR-NP-L,,
B09TZSG6S2,JNE3894-TP-L,,
B09SDXRVC8,JNE3880-DR-XXL,,
B09TL2121W,JNE3637-KR-XS,,
B09295FLVZ,J0136-KR-XXXL,,
B08TZXZ1L4,J0152-DR-XL,,
B07NVBRFN5,BTM008-L,,
B099NP8KTV,NW016-ST-SR-XS,,
B09RKD9566,SET302-KR-PP-XL,,
B08PCTYSBQ,SET221-KR-NP-XL,,
B09YYKD7P3,J0385-KR-XXL,,
B08P1FMXZ5,JNE3475-KR-K-M,,
B08PV3NJBM,J0323-CD-XXL,,
B082Z39HTP,SET158-KR-PP-XL,,
B0845Z3SQS,BTM029-NP-XS,,
B08PVRCH4Y,J0105-KR-S,,
B09HMTR72S,J0102-SKD-XS,,
B07PB1JMKG,JNE3255-KR-XXL,,
B09Y3DS567,SET335-KR-NP-S,,
B0928ZZ95L,BL109-XL,,
B085CDHN7H,BTM035-NP-XXXL,,
B0822T71X7,SET152-KR-NP-XS,,
B08QGN8BGN,JNE3565-KR-XL,,
B09YNXDH8B,SET436-KR-NP-M,,
B0B1T4RTFX,JNE3872-KR-XL,,
B091GP54JG,AN213-BROWN-XL,,
B09YYM4G16,J0386-KR-M,,
B09TZSHPM6,JNE3892-TP-M,,
B08L3SKGRS,BTM046-PP-M,,
B085H9W3YM,JNE3453-KR-XL,,
B09TH5VMLP,SET394-KR-NP-XL,,
B098124TF1,J0353-KR-M,,
B09Y35K5DW,SAR174,,
B07K5B8RQX,SET003-KR-NP-A-S,,
B09Y3K45P4,SET415-KR-NP-L,,
B09Y3GD14B,SET335-KR-NP-XS,,
B098P5NXKR,SET276-KR-PP-L,,
B085HGVYF2,JNE3426-KR-S,,
B0781GLP1X,BL024-74RED-B,,
B07R3KRTMM,JNE3281-KR-XL,,
B09Y39YDYQ,J0419-TP-L,,
B09KRT5GYW,SET306-KR-PP-XS,,
B07ZYPF8SV,JNE3359-KR-S,,
B099NMS7VM,JNE3720-KR-L,,
B0943CQNGG,SET262-KR-NP-XXL,,
B09K3XRLGS,JNE3752-KR-XS,,
B09KXMZY85,JNE3790-KR-XS,,
B08N19VWFM,J0150-KR-XS,,
B09CTBRNWK,JNE3630-KR-XXL,,
B09CT457VM,JNE3456-KR-XS,,
B09LV4GXCX,JNE3823-KR-L,,
B08L934XZ9,SET198-KR-NP-A-L,,
B09Y3J7PZL,SET415-KR-NP-M,,
B09VZDCTF4,J0024-KR-XXL,,
B09TZS2MWW,JNE3892-TP-XL,,
B08YYSSBNB,MEN5030-KR-L,,
B099NSJ3TZ,NW024-TP-PJ-L,,
B08V1QDLTC,J0192-TP-S,,
B08N4GLRXJ,J0190-TP-XS,,
B09K3XY37L,JNE3788-KR-L,,
B08QGMDC7F,J0279-SET-S,,
B07JP3X3CZ,SET014-KR-PP-S,,
B07X3JKC37,SET128-KR-DH-XXL,,
B09Y27HZ9P,JNE3896-KR-XXL,,
B08C344Y75,J0072-KR-XS,,
B09VC5KKCX,SET401-KR-NP-XS,,
B09YYPF144,J0391-TP-XXL,,
B09YNXLV2D,J0389-TP-XS,,
B09KXTSBN7,J0251-SKD-XXXL,,
B08BFTB59F,JNE3460-KR-XL,,
B08MXGD5FG,SET224-KR-NP-XXXL,,
B07BL1RK7W,JNE2205-KR-467-A-L,,
B09RSPM9HX,SET376-KR-NP-XXXL,,
B08VWZPSVC,J0103-SKD-XL,,
B09CSSC1ZX,JNE3630-KR-S,,
B09B2GSP8G,JNE3578-KR-XS,,
B09Y27BXKT,JNE3888-KR-XS,,
B09RKCFQ78,J0374-KR-XXL,,
B098331LD4,JNE3631-DR-XS,,
B07WY55SNV,JNE3355-KR-XL,,
B09YNXPQK1,J0389-TP-XXXL,,
B09VC2MPPB,JNE3893-TP-M,,
B08394XD24,BL100-XXL,,
B09Y3GNNNQ,SET435-KR-NP-XXXL,,
B0925WT5D7,J0241-SKD-XXL,,
B09TH4P8P7,JNE3798-KR-A-S,,
B08W8TKNBG,SET202-KR-NP-XL,,
B0943KWXGV,JNE3670-TU-XL,,
B091GNY9GK,AN207-PINK-L,,
B09NQ9974B,JNE3780-KR-L,,
B085GC2KYH,BL098-S,,
B09Y3CCRJV,JNE3862-TU-S,,
B07JKQ3DTS,JNE3157-KR-M,,
B092CZTP9Q,J0091-TP-XS,,
B082Z42398,SET156-KR-NP-S,,
B08N15YZ7B,J0177-KR-XS,,
B09NQ3JCNB,J0250-SKD-M,,
B07RRW4LPM,JNE3257-KR-S,,
B09PDH2JKL,J0331-KR-XXL,,
B09SDYC3VS,JNE3860-DR-XS,,
B0822TNSWH,SET159-KR-NP-XXL,,
B09KXVPZGV,SET313-KR-NP-L,,
B09K3W2BYD,JNE3788-KR-S,,
B09KXWHMGQ,SET301-KR-PP-S,,
B09RKFPY8P,SET390-KR-NP-S,,
B08MYT81CH,SET226-KR-PP-S,,
B09SDYM2TY,J0397-DR-XXL,,
B08N19Q2L9,J0151-KR-A-M,,
B09X1V35QB,SET404-KR-NP-XXL,,
B09K3TKKXC,JNE3791-DR-XXL,,
B08C343R91,J0049-TP-XL,,
B09Y3CYZF7,J0418-TP-L,,
B07SLYJ456,SET087-KR-PP-L,,
B09YYLPNWY,J0386-KR-L,,
B08467TCSR,BTM026-NP-XXXL,,
B09Y26YFJ4,JNE3888-KR-L,,
B089G1KWJN,J0019-SET-XS,,
B08N1BRFFH,J0175-KR-L,,
B09VC2M5Y3,JNE3895-TP-XL,,
B08PV4R5C1,J0323-CD-L,,
B07RQRCTHM,JNE3296-KR-XL,,
B08QGKTBJB,J0282-SET-XL,,
B07JNBYCM9,SET004-KR-SP-XXL,,
B09YYLNNR8,JNE3875-KR-XXXL,,
B09K3RBH7W,JNE3771-KR-XXL,,
B08N3WMGHR,J0189-TP-XS,,
B08XNH9FC4,J0231-SKD-XS,,
B09811THSB,J0354-KR-S,,
B09K3ZC3LD,JNE3727-KR-XXXL,,
B08QGLTM6G,J0168-DR-L,,
B08HK7GNFP,JNE3485-KR-XXL,,
B0925VXHMW,J0241-SKD-S,,
B09Y3BZCD3,J0417-TP-XL,,
B09YP18KJQ,J0389-TP-XL,,
B09YYQCNHZ,J0388-TP-XL,,
B09YYQLP13,J0390-TP-XL,,
B09Y3DC7D9,J0392-TP-XL,,
B0822TKT71,SET172-KR-PP-B-XXL,,
B08W8DBLXF,SET202-KR-NP-XXXL,,
B09TL1F68S,JNE3627-KR-XXXL,,
B09M72LS2Y,J0330-KR-L,,
B07MY3MVW3,SET036-KR-NP-XXXL,,
B07XHM32J9,JNE3313-KR-A-XL,,
B09KXW1KGH,SET352-KR-NP-XXL,,
B08QGMDPS4,J0172-TP-L,,
B09YNYYV37,J0389-TP-L,,
B09K3SXC95,J0371-SKD-XL,,
B09SDZQ318,JNE3779-KR-L,,
B09Y2Z6W12,SET435-KR-NP-XXL,,
B07MY5MGYC,BTM004-XXXL,,
B09M6VPHJY,J0379-SKD-XS,,
B09CT8YCQP,SET280-KR-PP-XXXL,,
B07R5X9KHS,JNE3261-KR-L,,
B09B78BCGH,NW038-ST-SR-L,,
B09VC2XY91,JNE3890-TP-S,,
B09RKDC9ML,SET395-KR-NP-XL,,
B08HK6DJ6M,SET196-KR-NP-XS,,
B09YNZSY8T,SET436-KR-NP-XXL,,
B09Y282Q7Y,JNE3904-DR-S,,
B09RKCNY15,JNE3748-KR-M,,
B09PD1X86Q,J0331-KR-L,,
B083947BZS,BL090-XS,,
B08L3R8455,BTM045-PP-M,,
B08PCW6DBX,SET238-KR-PP-S,,
B09CT36JMT,SET280-KR-PP-L,,
B09TH3VG1V,JNE3798-KR-A-XXXL,,
B09RKB5BQK,JNE3734-KR-XXL,,
B089G2NK28,J0074-TP-XXL,,
B08L3W3P7D,BTM044-PP-XXL,,
B085Y4RX1H,BTM008-B-XXL,,
B09Y3CRQ27,J0418-TP-M,,
B07MY4CCTC,SET034-KR-NP-XS,,
B08KRSPVXZ,BTM037-PP-XXL,,
B08L92XBBR,SET200-KR-NP-A-M,,
B0922TRFT7,NW015-TP-PJ-L,,
B08QGNCZD1,J0282-SET-L,,
B09YYQ6BWR,J0388-TP-S,,
B091Y5QW6C,J0138-KR-XXL,,
B07T542C2Y,JNE3363-KR-1032-S,,
B08L94MKDR,SET201-KR-NP-A-M,,
B08MXF1YB9,JNE3557-KR-XXL,,
B091GN27P3,AN208-MUSTARD-L,,
B09YYLLBK6,J0386-KR-S,,
B092CZDX84,J0082-TP-S,,
B09K3WCWHT,JNE3770-KR-XXL,,
B092D32ZJH,J0089-TP-M,,
B0925WPXLT,J0241-SKD-XXXL,,
B09VC46KXT,JNE3881-DR-XS,,
B09KXTXLBJ,J0229-SKD-L,,
B09Y3BRWN9,JNE3862-TU-XL,,
B091GNCF5W,AN211-BLACK-XXL,,
B091GPQB62,AN203-MAROON-XXL,,
B091GPB84Z,AN207-PINK-XXL,,
B08N1CY61L,J0151-KR-A-XXXL,,
B08WRLZVB9,SET199-KR-NP-M,,
B08W521STV,JNE3625-DR-M,,
B08QJLN4GN,JNE3601-KR-S,,
B09K3WFZFT,JNE3791-DR-XL,,
B09VZ5Y2BD,SET403-KR-NP-XXL,,
B09XKD2LBH,JNE3928-KR-XXXL,,
B09YYL78L7,JNE3902-KR-XXXL,,
B082W85VM3,JNE3430-KR-XS,,
B082W851GL,JNE3416-KR-XS,,
B09RKBW4CH,J0225-SKD-M,,
B07S8VF8G3,BL075-85CHIKU,,
B08QGKL241,J0142-KR-S,,
B09B75WQWV,NW038-ST-SR-XS,,
B08N19YB92,J0151-KR-A-XL,,
B08QGQPF6P,J0174-TP-XS,,
B09RKBT6L2,JNE3734-KR-XS,,
B0983DJRFK,SET257-KR-PP-L,,
B09B78MTGD,NW038-ST-SR-XXXL,,
B09B75TDLV,NW038-ST-SR-M,,
B09QJ3QV43,J0377-SKD-XS,,
B09M74QTKT,JNE3786-KR-XL,,
B091GNW3B1,CH208-MUSTARD-M,,
B081WPFTTT,JNE3447-KR-XL,,
B0943HXFNB,JNE3679-TU-M,,
B08C32SZLT,J0049-TP-L,,
B085J2CTB1,JNE3453-KR-L,,
B0899ZJTHW,JNE3526-KR-XL,,
B076HJC99H,JNE2049-KR-351-M,,
B07R5XG4MP,JNE3252-KR-XS,,
B09NQ4F9MJ,SET372-KR-PP-M,,
B085CFG2X8,BTM032-NP-M,,
B09Y3G8KC7,SET435-KR-NP-S,,
B09NQ9TP3V,JNE3780-KR-XS,,
B09812DV18,JNE3602-KR-XS,,
B09RKDH5VX,J0225-SKD-XS,,
B08QGLF7N2,J0127-SKD-XXL,,
B0922V19RC,NW032-ST-CP-XS,,
B09YYL7YFV,JNE3902-KR-L,,
B0986XHWQC,JNE3662-TP-M,,
B09CTBPP9F,JNE3456-KR-XL,,
B09LTZ2W2B,JNE3820-KR-XXL,,
B09VC2VX2B,JNE3895-TP-XXXL,,
B08MYMRV3R,J0124-TP-XS,,
B08KRXDMC9,BTM038-PP-XXL,,
B08394V1R2,BL091-XL,,
B09K3VPYMV,JNE3770-KR-XS,,
B081WY9B3W,JNE3390-KR-S,,
B08W4ZHWRB,JNE3625-DR-XXL,,
B09K3KXR56,SET308-KR-PP-XL,,
B09831R71P,JNE3631-DR-XL,,
B09NQ4JKRM,SET372-KR-PP-XL,,
B09K3T3YNS,JNE3749-KR-M,,
B091Y3C9XX,J0138-KR-S,,
B08N4BFDMG,J0190-TP-M,,
B08QJLQ16K,JNE3601-KR-XXL,,
B082W81H77,JNE3388-KR-L,,
B09KXNYYRH,JNE3792-KR-L,,
B09KXVGBRT,J0226-SKD-L,,
B09K3STFKQ,J0370-SKD-L,,
B08C31B5NB,J0049-TP-M,,
B08RDTBKTL,J0123-TP-M,,
B09K3V46Z2,JNE3802-KR-XXXL,,
B07RPVCT7W,JNE3257-KR-M,,
B08MYNQJ96,J0178-TP-M,,
B0983CGRTB,SET248-KR-NP-XXL,,
B08ZHSVQJL,JNE3649-TP-N-XXL,,
B09KXQ2RMG,JNE3792-KR-M,,
B09PYCJDV1,PJNE3607-KR-6XL,,
B0922VNV6R,NW004-TP-PJ-XS,,
B08YYQZ8YG,MEN5005-KR-XL,,
B08VWGLGPD,J0078-SET-XL,,
B08N4VGB1J,J0176-TP-XS,,
B0986XV34R,JNE3665-TP-L,,
B0983DPSZK,J0350-SET-M,,
B09K3LKJYP,SET308-KR-PP-XS,,
B08WRXKV88,SET199-KR-NP-XL,,
B08WHRZN56,SET244-KR-NP-XS,,
B09RKF2BJF,J0224-SKD-XXXL,,
B09RKF9KV4,SET315-KR-PP-M,,
B07JVXYGHZ,JNE2251-KR-537-C-XXXL,,
B09J19PWSC,SAR076,,
B09RKC7DP7,JNE3748-KR-XL,,
B08TZNST9X,J0183-TP-XL,,
B0943HXHZZ,JNE3672-TU-XS,,
B09HMRMCTC,JNE3544-KR-XS,,
B09Y3C3NQV,J0419-TP-S,,
B09Y277D45,JNE3889-KR-M,,
B09293V9DD,J0159-DR-XS,,
B099NRM3T4,J0296-DR-M,,
B08WS3J6YK,SET199-KR-NP-XXXL,,
B08RYRTQ7G,J0120-TP-M,,
B07R67WJT2,SET083-KR-PP-XXL,,
B08HK58ZRD,J0062-DR-L,,
B09Y3DWDFV,SET410-KR-NP-XXXL,,
B08MYWTRSM,JNE3520-KR-XS,,
B085H9N1Y3,JNE3395-KR-M,,
B091YK5174,J0185-DR-M,,
B09TZYFCNB,JNE3887-KR-XXL,,
B07SGQL844,SET087-KR-PP-XXL,,
B07WV4C9JP,JNE3338-KR-S,,
B09RKGP2S2,J0225-SKD-L,,
B099NTSSVQ,J0293-DR-M,,
B09VC5BVB6,JNE3881-DR-S,,
B08MYVH621,JNE3517-KR-XXL,,
B09NQ8VRJ8,JNE3780-KR-S,,
B094FPG9YS,JNE3701-KR-XXL,,
B09NQ4712N,SET372-KR-PP-XXXL,,
B0943HVJTJ,JNE3686-TU-S,,
B08W52815Z,JNE3625-DR-L,,
B09LD27LDD,PJNE3363-KR-N-6XL,,
B0922SWQX9,NW028-TP-PJ-XS,,
B0965MNL84,J0197-TP-XS,,
B09RKBBLLH,JNE3734-KR-L,,
B0922TR9CG,NW009-ST-CP-M,,
B09814PZQZ,JNE3695-KR-XL,,
B07SGC466T,JNE3313-KR-A-L,,
B08QGKDCNW,J0127-SKD-L,,
B08ZH7L9CZ,JNE3641-TP-N-XXL,,
B0965JWL6S,J0201-TP-S,,
B0922TRNSV,NW015-TP-PJ-XXXL,,
B099NR1PRJ,J0293-DR-XL,,
B09KRT8BMY,J0223-SKD-XXXL,,
B082W7TF2L,JNE3416-KR-S,,
B0922V8T1C,NW006-ST-SR-XL,,
B07ZYQYZMZ,JNE3323-KR-A-M,,
B08N4V7MHL,SET240-KR-PP-M,,
B07SRG9LZR,SET100-KR-PP-L,,
B0943GQJ7M,JNE3678-TU-S,,
B08N4GP7TL,J0173-DR-XL,,
B08RYT8V5R,J0194-DR-L,,
B09K3XHJYH,JNE3771-KR-XS,,
B09K3XF96M,JNE3753-KR-XL,,
B08V1PSCQ7,SET242-KR-PP-XXL,,
B07FVY5B7X,JNE2100-KR-144-XXXL,,
B08WRX6XFW,SET199-KR-NP-XS,,
B0922T9X49,NW009-ST-CP-XS,,
B09B2C6GF2,JNE3434-KR-XXXL,,
B08MYTKHB8,SET235-KR-PP-S,,
B09LTZMJ2F,JNE3823-KR-XXXL,,
B09K3T6ZDM,JNE3750-KR-XL,,
B09RKBZKMF,SET346-KR-PP-XXXL,,
B09Y3GF3TB,SET335-KR-NP-XL,,
B09Y263RT1,JNE3898-KR-XL,,
B08MXFZQBM,SET224-KR-NP-L,,
B08PV4D63G,J0323-CD-S,,
B09YYP4M7F,J0388-TP-L,,
B097ZYXY7W,JNE3500-KR-L,,
B09VC2LWHT,JNE3893-TP-S,,
B09LTZV48G,JNE3825-KR-XXXL,,
B0894XNNH1,J0040-SET-XS,,
B08MXS8X64,SET230-KR-PP-XXL,,
B08PCTNMSH,SET238-KR-PP-XXL,,
B09832YWD6,JNE3631-DR-M,,
B08B3Y369G,JNE3526-KR-XXL,,
B08MYV7XSM,JNE3577-KR-L,,
B091GNX4K5,CH208-MUSTARD-S,,
B09RKBY46H,JNE3734-KR-S,,
B08MXFJJP2,SET223-KR-NP-XS,,
B09LV231YV,JNE3821-KR-XXXL,,
B08L3RM4X5,BTM044-PP-XL,,
B08KRSHJZ8,BTM039-PP-XL,,
B09LTZ7RP1,JNE3821-KR-L,,
B09TZWZCW8,JNE3886-KR-XXXL,,
B07K5B7JY9,SET014-KR-PP-A-S,,
B09RKCXSSP,J0374-KR-L,,
B09HMXZTKD,JNE3563-KR-XXXL,,
B08TZQBTMC,J0131-KR-A-M,,
B09LV17GKB,JNE3819-KR-XS,,
B099NTMTR8,J0302-DR-XS,,
B091Z7SXJ6,J0137-SET-XXXL,,
B09K3XXFB2,JNE3768-KR-XS,,
B09QJ7HDRN,SET299-KR-PP-M,,
B0983DT651,SET272-KR-PP-M,,
B084KXQGPW,JNE3413-KR-XXXL,,
B09SDYZ3R6,JNE3879-DR-S,,
B09HNSVQR8,J0348-SET-XXXL,,
B09NQ4LRYP,SET372-KR-PP-XS,,
B081X375NW,JNE3389-KR-S,,
B09TH5LZ3Q,JNE3798-KR-A-XS,,
B0922VDWDL,NW028-TP-PJ-XXL,,
B07WP5HGBM,JNE3342-KR-S,,
B0983GKV6S,SET275-KR-NP-XS,,
B09Y3G3MNM,SET414-KR-NP-S,,
B09Y26DL9W,JNE3898-KR-S,,
B08N467Z6L,J0153-DR-M,,
B09Y3GLNFL,SET335-KR-NP-XXL,,
B091GL2Y9B,AN204-PURPLE-XL,,
B0743FQ3SJ,JNE1408-KR-UDF19-A-L,,
B08V15TBBM,J0144-SET-XS,,
B09811J2R4,JNE3500-KR-XXXL,,
B085HGPY7R,JNE3395-KR-XXL,,
B0928XTBT8,NW031-TP-PJ-XL,,
B081X7PC1W,JNE3446-KR-M,,
B08QGKS41B,J0142-KR-XXXL,,
B08V1B3SVD,J0188-KR-XXXL,,
B09TL21XRH,SET226-KR-PP-XXXL,,
B07JGZSY9W,JNE2251-KR-537-XXXL,,
B09B2BWFFK,JNE3574-KR-XXXL,,
B08GKKNK8L,J0057-DR-XXXL,,
B08BFD4GJ5,JNE3532-KR-S,,
B08V1DW1DY,J0133-KR-A-L,,
B099NL5YGM,SET274-KR-PP-S,,
B07SVLKLN3,SET100-KR-PP-S,,
B092CY182N,J0089-TP-L,,
B092D2BK4J,J0082-TP-L,,
B08V1DFSFL,J0184-KR-A-XL,,
B08KRL2YL2,BTM039-PP-L,,
B09LTZDVGW,JNE3825-KR-L,,
B08BK6CNDS,JNE3534-KR-M,,
B09YYR2MJV,J0390-TP-XXL,,
B099P55JSW,J0345-SET-XS,,
B09Y3BDJZQ,J0418-TP-XXL,,
B08QGJYXZN,J0284-SKD-XL,,
B08KS4TZKZ,BTM037-PP-M,,
B07K596DLX,JNE3042-KR-XS,,
B08RJ5HH71,SET214-KR-DPT-XXXL,,
B09CTFCJ6H,JNE3456-KR-M,,
B08QGLRK62,J0168-DR-M,,
B09LTZD1X3,JNE3825-KR-XXL,,
B099NRFMT3,J0293-DR-XXL,,
B092CZW1NT,J0111-TP-M,,
B09QJ4RQ78,SET299-KR-PP-XXL,,
B085HKMH18,JNE3395-KR-XL,,
B09LD4P7RC,PJNE3439-KR-N-5XL,,
B099S722Q4,J0292-TP-L,,
B0983CK2HV,J0350-SET-XS,,
B098328QX2,J0212-DR-XS,,
B099S75363,J0307-TP-XS,,
B09M74YR97,J0330-KR-XL,,
B08W27G7Q3,JNE3627-KR-S,,
B09RMQ5L3H,JNE3864-TU-S,,
B08N4GQLRY,J0190-TP-XXXL,,
B09NQ68YKL,JNE3774-KR-XXXL,,
B091GLK75Z,AN211-BLACK-S,,
B08BFBCDW7,JNE3449-KR-M,,
B099NRFLHB,J0296-DR-XXL,,
B091GMG77H,AN205-YELLOW-XL,,
B099NRZLW5,J0302-DR-XL,,
B08N45HH5L,J0173-DR-L,,
B099S97TKM,J0292-TP-XXXL,,
B09Y3215FW,SET410-KR-NP-L,,
B085GB7G6S,BL104-M,,
B081WX6VKM,JNE3370-KR-L,,
B09YYM4LS1,JNE3875-KR-S,,
B07ZYSBLYX,JNE3375-KR-XXXL,,
B08N1C4H7R,J0150-KR-M,,
B092D6LS8F,J0116-TP-M,,
B07R3KQQSD,JNE3284-KR-XXL,,
B07R3KMKHR,JNE3273-KR-S,,
B09RMWR69M,JNE3864-TU-XXL,,
B07FTLP535,JNE1408-KR-UDF19-A-XS,,
B082Z4L5TR,SET191-KR-PP-M,,
B07R5WRWSH,JNE3265-KR-XL,,
B085Y4RQL2,BTM008-B-M,,
B09PDBS71K,J0331-KR-S,,
B07NVBPCW1,BTM008-XXXL,,
B09Y28QDSG,JNE3899-KR-XXL,,
B0925VQYHT,J0235-SKD-L,,
B09J1BV7HH,SAR032,,
B09PY9RXG1,PSET058-KR-NP-6XL,,
B091YN9T96,BL111-XS,,
B08394C7TW,BL089-XS,,
B085GC5SNM,BL098-XXL,,
B07DTFXWLZ,JNE2251-KR-537-C-S,,
B09K3T1GVF,JNE3765-KR-M,,
B09QJ47S1M,SET299-KR-PP-XL,,
B07R5WJGRT,JNE3284-KR-XL,,
B07XHLJ9XQ,JNE3313-KR-A-S,,
B0983F9VYJ,SET275-KR-NP-XXL,,
B07MY1BSRF,BTM002-XXXL,,
B09M6W9Z7R,J0254-SKD-XXL,,
B091GMQN4F,CH201-RED-M,,
B09RKCX323,J0225-SKD-S,,
B09YYQKQG7,J0391-TP-M,,
B07HWT5SGM,JNE2309-KR-598-L,,
B0781KBYHM,BL016-63RED-B,,
B07K32KPS2,JNE3160-KR-XL,,
B07P5RZ69N,JNE3255-KR-M,,
B07R5WHFHG,JNE3284-KR-S,,
B08MXB1K11,JNE3548-KR-S,,
B09K3R83M8,JNE3777-KR-XS,,
B09KRVD8LR,JNE3736-KR-XXL,,
B07R3KM9JM,JNE3252-KR-S,,
B09Y3CY233,JNE3862-TU-XXXL,,
B07JKQ4HG1,JNE3030-KR-M,,
B09J1C9DHS,SAR036,,
B07K5BSVTJ,SET014-KR-PP-A-XL,,
B08B3YW2CS,JNE3477-KR-M,,
B09NDCVG2D,SAR101,,
B092969H1T,J0083-KR-XS,,
B07R41NFLV,JNE3252-KR-L,,
B09YNXHLPC,SET436-KR-NP-S,,
B08PV3Z1HK,J0290-CD-S,,
B09RKCMG71,JNE3748-KR-S,,
B08F3BCW2R,JNE3489-KR-S,,
B09QJ6CLV1,SET299-KR-PP-XS,,
B09811S5JK,JNE3725-KR-L,,
B09RKCMGZJ,J0374-KR-XXXL,,
B09TZX53QV,JNE3866-KR-S,,
B082Z3MWF3,SET185-KR-NP-XS,,
B09YYMSYX5,JNE3875-KR-XXL,,
B08394L7JJ,BL096-XL,,
B0899ZRH9M,SET143-KR-PP-S,,
B08QGLKJ99,SET236-KR-PP-L,,
B09RPJDH3X,SET409-KR-NP-XS,,
B082Z3HPND,SET162-KR-PP-XL,,
B09Y3BMD12,J0392-TP-L,,
B08B3XTZKP,JNE3477-KR-XL,,
B07VQ7NY5G,SET131-KR-NP-XXL,,
B09K3T469Z,JNE3765-KR-S,,
B082Z36JBJ,SET185-KR-NP-L,,
B081X47B3P,JNE3362-KR-XXXL,,
B083ZSFN8H,JNE3424-KR-M,,
B099NNZ8JX,JNE3762-KR-M,,
B08CDQ3M4V,JNE3467-KR-S,,
B09YYKWZJS,J0386-KR-XXL,,
B07K31YKQM,JNE3160-KR-M,,
B09Y3BMCZT,J0418-TP-S,,
B08PCT56XG,SET221-KR-NP-M,,
B09K3YZHBN,JNE3767-KR-XXL,,
B09YYLFLDH,JNE3902-KR-M,,
B0743FD3GJ,JNE1408-KR-UDF19-A-XXL,,
B07WF6K53C,JNE3251-KR-XL,,
B07W8G8K5W,JNE3251-KR-M,,
B09HMHSQNP,J0102-SKD-S,,
B091Z8L2TC,J0186-SET-XS,,
B0928Y11S5,NW014-ST-SR-XS,,
B0922XT6PN,NW028-TP-PJ-S,,
B07SMNGTKQ,JNE3313-KR-XXL,,
B08VRNH21D,J0101-DR-S,,
B0967QNYNC,J0208-DR-L,,
B089G2634B,J0042-DR-XL,,
B07ZYQ1BWH,JNE3359-KR-XL,,
B089FZW8GF,J0043-SET-S,,
B09X1VNL92,JNE2294-KR-A-L,,
B08L3TXDSK,BTM047-PP-M,,
B0756BJ9P4,JNE2009-KR-310-S,,
B081X71PKF,JNE3443-KR-M,,
B085HQ24NB,JNE3395-KR-L,,
B08C333ZRZ,J0073-KR-XXL,,
B08L3S6NSL,BTM042-PP-S,,
B09267GF6B,J0238-LCD-XS,,
B09SDY4LBR,JNE3860-DR-S,,
B09RKDGLRT,J0225-SKD-XXXL,,
B09K3WJ8HQ,JNE3771-KR-XL,,
B07SHSMBHJ,SET087-KR-PP-XS,,
B07R41R515,JNE3284-KR-M,,
B0943HVVGY,JNE3672-TU-S,,
B09NQ4878W,SET372-KR-PP-S,,
B09HMLPD2H,J0102-SKD-M,,
B0965K312L,J0195-TP-XS,,
B09VC453MZ,JNE3893-TP-XS,,
B09KXPKT5D,JNE3792-KR-XS,,
B098116JZX,JNE3636-KR-XS,,
B09YYKXGRZ,J0386-KR-XS,,
B09TZYDXF8,JNE3886-KR-XXL,,
B07WF6KYQL,JNE3251-KR-L,,
B09VZDKF1F,J0024-KR-M,,
B09Y28L4CG,JNE3897-KR-XXXL,,
B07RSXPC57,SET062-KR-SP-XXL,,
B09Y3H1NHQ,SET415-KR-NP-XL,,
B09K3RB9D2,JNE3750-KR-XXXL,,
B09B2DN69X,JNE3577-KR-XS,,
B08VWF6B49,J0078-SET-XXXL,,
B08L92PQHQ,SET200-KR-NP-A-S,,
B09C87RMLP,J0084-TP-XS,,
B09X1WWP88,JNE2294-KR-A-XXL,,
B07S1GFK9X,SET094-KR-NP-XXL,,
B07P5R1WKZ,JNE2324-KR-575-XXL,,
B09K3SYX8M,J0372-SKD-XL,,
B07JQ9WVH8,SET026-KR-PP-A-XS,,
B08W9BTYWK,J0114-TP-XS,,
B09RKBP7W6,JNE3734-KR-M,,
B09X1WXWRZ,JNE2131-KR-A-XXL,,
B09K3BS8T2,SET305-KR-DPT-XL,,
B08QGKNVGN,J0279-SET-L,,
B07THHZDS3,SET097-KR-PP-S,,
B0925WGG1X,J0235-SKD-XL,,
B08QGLQZ2L,J0162-SKD-S,,
B08W8K7R9X,JNE3486-KR-XXXL,,
B092912DZX,BL109-S,,
B09YYJS12R,JNE3902-KR-XS,,
B09Y25Q72D,JNE3899-KR-L,,
B08RJFCKG4,SET210-KR-PP-XS,,
B08RJMS797,SET214-KR-DPT-XL,,
B07WZFRXJH,SET131-KR-NP-A-XS,,
B09VZ7BSPW,SAR149,,
B0781KGNLB,BL010-61CHIKU-B,,
B09TKZZRKW,JNE3629-KR-XXXL,,
B09J2J7S7T,SAR025,,
B0925VZ692,J0246-SKD-XXXL,,
B09X1WK39B,JNE2294-KR-A-XS,,
B09NQ54FMT,SET372-KR-PP-L,,
B09QJ46SBY,J0378-SKD-XS,,
B09Y27G27L,JNE3888-KR-XL,,
B09KXV9TS1,SET311-KR-NP-XL,,
B09KXTM87L,SET311-KR-NP-XS,,
B09J1CNM5Y,SAR039,,
B09NDH2C2B,SAR134,,
B08PV41VKM,J0314-KR-XL,,
B09J1BTQ1F,SAR046,,
B08HHJQNHJ,JNE3542-KR-S,,
B09TY1GLH9,J0413-DR-XXXL,,
B07VT68WRH,SET132-KR-NP-S,,
B08HHJRDY9,JNE3483-KR-XL,,
B089G14DP3,J0037-KR-XXL,,
B07ZYSNDRL,JNE3359-KR-M,,
B08L3QV94R,BTM042-PP-XXL,,
B08C33MB83,J0075-KR-XS,,
B07JM7QZRN,JNE2086-KR-389-XS,,
B01M5AIMJO,JNE1408-GREY-KR-UDF19-M,,
B07SHC649M,JNE3313-KR-XS,,
B09J2KX7GV,SAR053,,
B07T2Y2PZZ,JNE3363-KR-1032-XS,,
B08MXC1SL8,JNE3556-KR-L,,
B07V7CJYCD,SET091-KR-NP-XXL,,
B08RP5581B,JNE3503-KR-S,,
B09K3SYMMC,JNE3770-KR-XL,,
B09J19KG4N,SAR056,,
B07WW4LQVZ,JNE3366-KR-1053-A-XS,,
B07C3N75GF,JNE2251-KR-537-S,,
B08VS4RLVT,J0100-DR-S,,
B0922S3SPX,NW002-TP-PJ-XXL,,
B082Z33RVH,SET185-KR-NP-S,,
B085GBG7RW,BL107-XS,,
B07R66CBL6,SET083-KR-PP-L,,
B08QGL7J9J,J0163-SKD-M,,
B07GRWZQDB,JNE2292-KR-588-L,,
B08TZWMXWM,J0145-SET-S,,
B0922X5MYM,NW028-TP-PJ-XXXL,,
B092D118NW,J0085-TP-XXL,,
B09B2FLTJL,JNE3445-KR-XS,,
B09NDC56ST,SAR130,,
B09NDDX16G,SAR097,,
B08VRFJX8F,J0101-DR-XS,,
B09KRVV9KC,JNE3736-KR-XS,,
B091QBLY19,JNE3624-KR-S,,
B09M6RY873,J0254-SKD-XL,,
B07VT27TJQ,SET131-KR-NP-S,,
B09K3ZWDZ2,JNE3768-KR-XL,,
B091GP61BH,AN201-RED-XXL,,
B08V16DLQ1,J0109-SKD-M,,
B07S3KXSW6,SET094-KR-NP-XS,,
B09NQ42TFH,SET372-KR-PP-XXL,,
B09RKDW5XP,SET315-KR-PP-L,,
B08MYRF211,JNE3464-KR-XXXL,,
B07RPVC66L,JNE3257-KR-XXL,,
B091GM8VRC,AN209-BIEGE-XXL,,
B09K3SSDJB,JNE3765-KR-XXXL,,
B09SDX8985,J0398-DR-XL,,
B0781HVZZ4,BL011-62PINK-B,,
B0986W43C3,JNE3667-TP-S,,
B08463H2MN,BTM027-NP-XXL,,
B09QJ4WXJ5,SET299-KR-PP-L,,
B07SNPMTJK,JNE3313-KR-M,,
B08B4VH6Y5,J0011-LCD-A-L,,
B098718KC1,JNE3667-TP-XS,,
B08394F1KV,BL095-XL,,
B09Y3FHNBC,SET414-KR-NP-L,,
B08N4H8GCZ,J0170-TP-A-M,,
B07MY5DRZP,BTM005-XXXL,,
B081WRV647,JNE3369-KR-XL,,
B08RYS1PYZ,J0120-TP-XS,,
B09KXW69VL,SET311-KR-NP-S,,
B09RKCHBC1,JNE3748-KR-XXL,,
B09NDC22YS,SAR102,,
B08W8DM416,SET194-KR-NP-XS,,
B0943DX5X9,SET263-KR-NP-XL,,
B09KXT175N,SET313-KR-NP-S,,
B08KRSN2LX,BTM036-PP-XL,,
B08XQ8LP9J,SET245-KR-NP-XXXL,,
B07T1XCJWC,JNE3364-KR-1051-XS,,
B0928XLWGV,NW007-ST-CP-XL,,
B083171RML,JNE3403-KR-XL,,
B08L3VG1F8,BTM048-PP-XXXL,,
B08JGZ7P8L,JNE3537-KR-XS,,
B08N4CZ841,J0170-TP-A-L,,
B08MXC1LPN,JNE3555-KR-L,,
B0785PYB82,BL019-71PINK,,
B08W8K156H,JNE3486-KR-XXL,,
B0B3N9G26S,SET444-KR-SH-M,,
B08HK5Y9FH,J0062-DR-M,,
B09Y3GDBW3,SET414-KR-NP-XXXL,,
B0B3N9N297,SET444-KR-SH-L,,
B081X21VCN,JNE3434-KR-XL,,
B091Z7PTKT,J0137-SET-XL,,
B09HM7P8PF,NW023-ST-SR-L,,
B0B3N85BV3,SET444-KR-SH-XXL,,
B09RKB9ZDG,JNE3811-KR-XL,,
B09QJMG4VL,SET369-KR-NP-XL,,
B08W9NJL3K,JNE3484-KR-XS,,
B0B3NB1765,SET444-KR-SH-S,,
B0B3VWMKGB,J0431-DR-S,,
B082W83JTX,JNE3336-KR-S,,
B0B3N8MV2B,SET444-KR-SH-XS,,
B0793RFRD2,JNE2086-KR-389-XL,,
B0793PNXWG,JNE2113-KR-381-XL,,
B0793RJ12G,JNE2132-KR-398-L,,
B0B3MR3R7C,JNE3908-KR-M,,
B0B3NG4HD3,JNE3924-TU-L,,
B0B3MZJXNC,JNE3621-KR-A-XXXL,,
B0B3MQ8ZRJ,JNE3909-KR-L,,
B09RPJ2RXZ,SET409-KR-NP-XXL,,
B0B3N7NJJ3,SET444-KR-SH-XXXL,,
B0B3MQHKT1,JNE3906-KR-XL,,
B0B3NBYD9W,SET444-KR-SH-XL,,
B0B3N5LSHP,SET461-KR-NP-XL,,
B0B3MZ4DVD,JNE3900-KR-A-L,,
B0B3VXRSRJ,J0431-DR-L,,
B0B3JK47SH,J0434-DR-XXXL,,
B08ZHMNKXY,JNE3656-TP-N-XL,,
B09TZXC6FV,JNE3885-KR-M,,
B0B3MQ2ZP4,JNE3903-KR-XXXL,,
B0B3JFV6BT,J0434-DR-XXL,,
B09Y26LKTC,JNE3898-KR-L,,
B07WW6CWT5,JNE3346-KR-XL,,
B09KXV7FWH,J0229-SKD-XXXL,,
B09Y3F1MHJ,SET432-KR-PP-M,,
B09TZVGP5Y,SET338-KR-NP-XS,,
B085Y4HHXF,BTM005-B-L,,
B09RPP74L6,SET409-KR-NP-XL,,
B08B3ZWR3K,JNE3476-KR-XXXL,,
B0B3MZY63X,JNE3900-KR-A-XXL,,
B0986ZLQJP,JNE3744-TU-XXXL,,
B084KNJPB1,JNE3413-KR-M,,
B091GNG3DW,AN206-GREEN-S,,
B09QJ434WB,J0378-SKD-L,,
B099NPMH96,JNE3761-KR-XXXL,,
B0925VFL3L,J0244-SKD-XXL,,
B07MY4NSSZ,BTM005-XXL,,
B0B3VYV32C,J0431-DR-M,,
B099S7MJZ7,J0294-TP-XXXL,,
B08C31B5JR,J0072-KR-L,,
B09RKBVHJ1,JNE3811-KR-XXL,,
B09RKBLR2K,J0374-KR-M,,
B091XZYH3Y,J0187-KR-XXL,,
B0B3MPKTYP,JNE3910-KR-L,,
B091GP74L5,AN212-WHITE-XXL,,
B076HKSX1M,JNE2049-KR-351-L,,
B0B3MY32FJ,JNE2145-KR-A-XXXL,,
B072HQLQWH,JNE1951-KR-155-L,,
B07K5DCZCC,SET003-KR-NP-A-XXL,,
B09VC31Y7S,JNE3891-TP-L,,
B09YYM6NBP,JNE3902-KR-XXL,,
B091GLHBSL,AN204-PURPLE-M,,
B09Y3G9V4P,SET414-KR-NP-XS,,
B091GMY4BX,AN204-PURPLE-XXL,,
B07R5XJFR6,JNE3273-KR-XS,,
B08424HRSN,BL087-XS,,
B07K5CBBJ7,SET019-KR-PP-A-S,,
B0B3MP94H5,JNE3910-KR-XXL,,
B0B3MR8S1N,JNE3908-KR-XXL,,
B08HK58DJW,JNE3455-KR-XL,,
B08YYZ34V1,MEN5029-KR-XXXL,,
B0B3X1PX3P,SET438-KR-NP-M,,
B0B3VXTFK6,J0429-DR-XXXL,,
B08VS81D6M,J0101-DR-A-XL,,
B09VC1R8BM,JNE3890-TP-XL,,
B09Y3FX6RM,SET415-KR-NP-XXL,,
B0B3MYPS3X,JNE3896-KR-A-XL,,
B082Z48K1X,SET191-KR-PP-XL,,
B08LDLRVF7,JNE3474-KR-E-XXXL,,
B09YYMR69F,JNE3902-KR-S,,
B07ZYRRL74,JNE3359-KR-XXL,,
B092CZW18G,J0085-TP-L,,
B09X1T6ND1,JNE2294-KR-A-XXXL,,
B09TL16683,JNE3561-KR-XXXL,,
B09RKDDQRP,SET340-KR-NP-M,,
B09Y3BSH3G,J0418-TP-XL,,
B09Y27KT8T,JNE3889-KR-XXL,,
B0B3VWYQ2Q,J0431-DR-XXL,,
B0B3VXFDD4,J0429-DR-XXL,,
B0B3WZRZ7Q,JNE3927-KR-XL,,
B089G2T8K8,J0042-DR-XS,,
B0B3MYL7FV,JNE3621-KR-A-XL,,
B09J29BJV3,SAR060,,
B0B3N9P28T,SET431-KR-NP-L,,
B0B3X1ZSZP,SET442-KR-NP-XXXL,,
B07GRXWGTK,JNE2293-KR-555-XXL,,
B0B3X1P6S1,SET437-KR-PP-XXXL,,
B0B3VXFDBD,J0431-DR-XXXL,,
B07NBGZS2D,DPT052,,
B0B3N7JZMX,JNE3924-TU-M,,
B0B3N7JRQD,SET281-KR-PP-A-S,,
B0B3ND5DCY,SET272-KR-PP-A-S,,
B07NBQMYGN,DPT041,,
B07NBK5C79,DPT032,,
B07T64Y34W,JNE3364-KR-1051-L,,
B0B3MPBKX5,JNE3910-KR-XS,,
B0B3MR86JV,JNE3903-KR-XXL,,
B09YYPSFNT,J0391-TP-S,,
B07MY1MH8D,JNE2323-KR-574-XS,,
B0B1X3HTR4,J0420-TP-M,,
B08PV1B9JY,J0314-KR-L,,
B09RKC4V2Y,J0374-KR-XL,,
B0B3VYHY9H,J0429-DR-XS,,
B09VC2NQRG,JNE3891-TP-XXL,,
B0B3MQZJPW,JNE3909-KR-M,,
B091GM9QTY,AN206-GREEN-XL,,
B091GMVKDK,AN212-WHITE-XL,,
B091GLZF98,AN201-RED-XL,,
B0B3JGZF63,J0434-DR-L,,
B09Y266F7N,JNE3888-KR-M,,
B0B3MQNBHN,JNE3910-KR-S,,
B0B3MQWQGX,JNE3906-KR-XXXL,,
B09BQKLJC2,SET271-KR-NP-XL,,
B09TKZHP3V,JNE3629-KR-XS,,
B09RN1F4ST,JNE3864-TU-XS,,
B0B3MRHYQV,JNE3910-KR-M,,
B0B3VW2CXL,J0429-DR-S,,
B09VC25VQ4,JNE3890-TP-M,,
B0B3N1B182,JNE3423-KR-A-XL,,
B0B1X3X2XF,J0420-TP-S,,
B09Y3CQQHG,J0419-TP-XS,,
B0986XXJ5Q,JNE3663-TP-S,,
B0B3JGPNJ5,J0434-DR-XL,,
B09VC3MGQ2,JNE3893-TP-XL,,
B0894X6ZR7,J0028-KR-XS,,
B08V1GZ974,J0180-DR-XS,,
B091GMQ75C,AN212-WHITE-L,,
B09TZXD4BX,JNE3886-KR-L,,
B09Y3F4KJV,SET415-KR-NP-S,,
B091GKR9X9,CH213-BROWN-S,,
B09LD3PVC4,PJNE3439-KR-N-4XL,,
B0B3MSJWKP,JNE3910-KR-XL,,
B085Y4QB25,BTM003-B-L,,
B0B3VX2R2C,J0431-DR-XS,,
B0B3VY93ZK,J0429-DR-XL,,
B082W7MG83,JNE3336-KR-XL,,
B09Y328YW6,SET410-KR-NP-M,,
B09RPS44NF,SET409-KR-NP-XXXL,,
B091SR5FSK,SET251-KR-PP-XXL,,
B091Y65XXQ,BL111-XL,,
B0B3X2WPTW,SET437-KR-PP-XXL,,
B07RRV45GF,JNE3257-KR-L,,
B0B3X1HVXG,SET442-KR-NP-L,,
B0922TR9CK,NW006-ST-SR-XS,,
B0B3MNTMWV,JNE3903-KR-XL,,
B09Y3CPCM5,J0417-TP-S,,
B0B1TQ28RW,JNE3872-KR-XXXL,,
B09295VJXH,J0136-KR-XL,,
B07K5BK452,SET022-KR-SP-A-XXL,,
B08N66FLZG,J0117-TP-A-XXXL,,
B0B3MQ13NB,JNE3908-KR-XS,,
B099F9YDTF,JNE3703-KR-XXXL,,
B09J19DKYF,SAR028,,
B09Y279P81,JNE3897-KR-XL,,
B09M74KW34,NW036-ST-SR-L,,
B08BFSWBHL,JNE3460-KR-L,,
B0B3MWG4D5,JNE3908-KR-XL,,
B091GL575G,AN210-NAVY-XL,,
B085GC1NSG,BL107-M,,
B083ZSNB2W,JNE3424-KR-XS,,
B0B3X2392D,SET438-KR-NP-XXL,,
B0B3MY5X7C,JNE3423-KR-A-L,,
B081WV46SR,JNE3383-KR-A-L,,
B09Y3D125M,J0419-TP-XXXL,,
B08394KLF4,BL089-M,,
B08394QDBR,BL093-M,,
B0B3NB42VV,SET431-KR-NP-M,,
B0925WKXSH,J0242-SKD-XXXL,,
B09KXTR2JS,SET337-KR-NP-XXL,,
B091HHJ3JF,CH208-MUSTARD-XXL,,
B0B3X1DVZZ,SET442-KR-NP-M,,
B09J18CD5W,SAR027,,
B07FTL9GTF,JNE2171-KR-437-XS,,
B0B3MR8GR2,JNE3906-KR-L,,
B09Y277WK9,JNE3897-KR-S,,
B0B3NBR6SP,SET431-KR-NP-XS,,
B0B3MRSGRH,JNE3903-KR-XS,,
B099NMBMP4,JNE3760-KR-XS,,
B09VC2PF3L,JNE3895-TP-M,,
B09Y3DGMD6,JNE3862-TU-XS,,
B09VC2XQ4S,JNE3890-TP-L,,
B09HMN6TFJ,J0102-SKD-XXXL,,
B09Y3DYQJY,SET410-KR-NP-XXL,,
B0B3N92MD7,SET281-KR-PP-A-XXXL,,
B09K3RCBLF,JNE3765-KR-XL,,
B0B3MZ1SGF,JNE3896-KR-A-L,,
B081X5V5J5,JNE3420-KR-M,,
B0B3X1H8QJ,SET438-KR-NP-XL,,
B0B3MPM56P,JNE3906-KR-M,,
B0B3X1742L,JNE3927-KR-XS,,
B091GN5GGP,AN205-YELLOW-XXL,,
B092ZXCCNJ,J0091-TP-XL,,
B0B3WZYM5H,SET437-KR-PP-M,,
B0B3X17NMS,SET437-KR-PP-S,,
B0B3WZSVDF,SET437-KR-PP-L,,
B0B4GDJ9MK,SET462-KR-NP-S,,
B0B3X45961,JNE3927-KR-M,,
B0929NRJYF,J0136-KR-M,,
B082W875HS,JNE3398-KR-XXXL,,
B074XHZDNS,JNE2006-KR-158-S,,
B09RKCGNDV,JNE3811-KR-S,,
B08MXCGQRW,JNE3547-KR-M,,
B089G2BFX2,J0037-KR-L,,
B07KXKD53V,JNE3220-KR-XXL,,
B0B3N15K4L,JNE3621-KR-A-XXL,,
B0B3MSK4TZ,JNE3903-KR-L,,
B082W89YTM,JNE3416-KR-XL,,
B08KRV6BGV,BTM040-PP-M,,
B08WHS4DPL,J0232-SKD-M,,
B09TL5CCNF,SET226-KR-PP-XS,,
B0B3MPDQTD,JNE3908-KR-S,,
B0B3MPRBY3,JNE3909-KR-XL,,
B091QBL5QS,JNE3612-KR-XS,,
B09TH59NFM,JNE3878-KR-XS,,
B0925WD8D9,J0241-SKD-M,,
B0B3N6LVQD,SET431-KR-NP-S,,
B09Y3BY6L7,JNE3862-TU-XXL,,
B0B3NB8N7Q,SET431-KR-NP-XXXL,,
B0922TDC52,NW006-ST-SR-M,,
B08C333N75,J0073-KR-S,,
B0B3N98N1G,JNE3924-TU-XS,,
B099NQ2573,NW033-ST-CP-L,,
B09K3XWCF3,JNE3768-KR-L,,
B08QGL3VYW,J0279-SET-XXXL,,
B09TZV4J5S,SET338-KR-NP-XXL,,
B0B3NGN95V,SET461-KR-NP-XXL,,
B09YYP42TQ,J0388-TP-XXL,,
B0B4992J2M,SET449-KR-NP-S,,
B0B3VXYB6G,J0429-DR-M,,
B0B4994HY6,SET445-KR-NP-S,,
B07SXR8Q12,SET060-KR-NP-XL,,
B091GNQKHP,CH203-MAROON-S,,
B09TKYN2F5,JNE3441-KR-B-XS,,
B0B3MYVL4L,JNE3899-KR-A-M,,
B0B3MR9173,JNE3908-KR-L,,
B09Y3FSTPJ,SET432-KR-PP-XL,,
B09VC1XV1Y,JNE3893-TP-XXXL,,
B07HWTX46K,JNE3062-KR-M,,
B0942SS4NR,SET263-KR-NP-S,,
B0B1X1588P,J0420-TP-L,,
B0B3JGY1ZY,J0434-DR-S,,
B09X1VQ2WF,SET404-KR-NP-XXXL,,
B085GBDW68,BL107-XXL,,
B09LD4MCZY,PJNE3445-KR-N-5XL,,
B09RKCBBPB,J0374-KR-XS,,
B08QGLDDTC,J0279-SET-XXL,,
B099NR72V2,NW033-ST-CP-XL,,
B091GN6CZ1,CH202-ORANGE-XXL,,
B09Y3H6GQH,SET432-KR-PP-L,,
B099F9PTF5,J0303-KR-XS,,
B08HK5W4VL,JNE3450-KR-XL,,
B08PV48RM6,J0323-CD-M,,
B08N4F6JBV,J0170-TP-A-S,,
B09Y26NLXM,JNE3897-KR-M,,
B0B499JD9S,SET446-KR-NP-XS,,
B099FD96X7,JNE3762-KR-XS,,
B098126CJG,JNE3504-KR-XXXL,,
B09SDY97KL,J0397-DR-XS,,
B091GMCXWZ,CH206-GREEN-M,,
B091GN3GZS,CH205-YELLOW-XL,,
B0B1TMBYBY,JNE3872-KR-L,,
B091GN85S9,AN212-WHITE-S,,
B07T2Y3LFY,JNE3365-KR-1052-S,,
B0B3MYYMZK,JNE3423-KR-A-XXL,,
B0B3MZQY3H,JNE3899-KR-A-S,,
B0B3NB9QL4,SET461-KR-NP-XS,,
B0B49CGL99,SET449-KR-NP-M,,
B07JL2M1KM,JNE3030-KR-S,,
B08L3VFJ8T,BTM048-PP-XXL,,
B09Y35HBTF,SAR182,,
B08W9V4DDN,JNE3628-KR-XXL,,
B0981333HC,JNE3617-KR-M,,
B09K3XWCWN,JNE3777-KR-S,,
B09K3R2N78,JNE3765-KR-XXL,,
B08VRPWN1B,J0101-DR-A-M,,
B08HK1YQPV,JNE3483-KR-M,,
B0B3N996P7,SET262-KR-NP-A-XS,,
B0B3N9FHN1,SET281-KR-PP-A-XS,,
B08316QF5L,JNE3403-KR-XXL,,
B0B3MS9VQV,JNE3909-KR-S,,
B07RQSRZV1,JNE3257-KR-XL,,
B09KXTSRD2,SET301-KR-PP-XL,,
B08MXD858R,JNE3576-KR-L,,
B091Q9DBJX,JNE3615-KR-XXL,,
B09K3TGC6M,JNE3750-KR-XS,,
B09M6W44KD,J0380-SKD-XS,,
B0B3NB44P9,SET431-KR-NP-XL,,
B093GNYKBH,J0115-TP-XXL,,
B07JKZHQW8,JNE2307-KR-572-XL,,
B09M758F9Y,J0330-KR-M,,
B09KXT4YSZ,J0226-SKD-XL,,
B08RDT2LJR,J0165-TP-XXXL,,
B09TZY6DWC,JNE3866-KR-XS,,
B0B3MPMRJL,JNE3910-KR-XXXL,,
B09TKZD5VM,JNE3441-KR-B-XXXL,,
B099S79GWP,JNE3688-TU-S,,
B08TZQSSCK,J0145-SET-XXXL,,
B09Y3G52V4,SET410-KR-NP-S,,
B0845RYX2X,BTM030-NP-XL,,
B08HK59L2V,JNE3483-KR-XXL,,
B08QGM6ZH8,J0163-SKD-XXL,,
B07K59HQRL,SET014-KR-PP-A-XS,,
B091GL8YZQ,AN212-WHITE-M,,
B08QGL54HG,J0127-SKD-M,,
B0B1TCGVW8,JNE3872-KR-M,,
B08V1961QF,J0109-SKD-XS,,
B08YYX6VBZ,MEN5005-KR-M,,
B091GP62JZ,CH207-PINK-L,,
B0B3VZDR37,J0431-DR-XL,,
B0B3MQKC9J,JNE3907-KR-L,,
B07WZFTBMZ,SET111-KR-SP-XL,,
B09B57VTBF,SET247-KR-SHA-XXL,,
B09K39CKVT,J0371-SKD-M,,
B09KXX6VFK,SET336-KR-NP-XXL,,
B07JGMTPTY,JNE2251-KR-537-C-XS,,
B0B3MRM5QG,JNE3903-KR-M,,
B099NJHHMV,SET289-KR-NP-XXL,,
B09TZXP26V,JNE3886-KR-XL,,
B09TZRZVT6,JNE3892-TP-S,,
B091XZQ6J9,J0187-KR-L,,
B0B3N253J8,JNE3896-KR-A-XXXL,,
B0B3N16LC2,JNE3900-KR-A-XXXL,,
B08L94M2DG,SET205-KR-DPT-A-XL,,
B0B3MYYSVP,JNE3621-KR-A-S,,
B09Q3JJ3D7,JNE3834-KR-XXXL,,
B08394H6GB,BL095-M,,
B09PDC3GF6,J0331-KR-XS,,
B0B3MYFQP6,JNE3423-KR-A-S,,
B08KRKSD34,BTM037-PP-S,,
B0925VYVVH,J0245-SKD-XS,,
B09B2GHK8F,JNE3571-KR-XXXL,,
B09KRS12WC,SET306-KR-PP-S,,
B091GMHS71,AN204-PURPLE-S,,
B0B3MRKBC6,JNE3909-KR-XXL,,
B08QGQ2SL7,J0174-TP-S,,
B089G2STRK,J0019-SET-M,,
B08KSC7Y2W,BTM038-PP-XS,,
B092CZTQF6,J0091-TP-S,,
B07V7B9HFQ,SET091-KR-NP-XXXL,,
B09RKG9KYM,SET373-KR-PP-L,,
B0B3MY32FH,JNE2145-KR-A-L,,
B08MXS3BXS,SET234-KR-PP-M,,
B09LD298ZL,PJNE3445-KR-N-4XL,,
B09K3W7XTL,JNE3791-DR-XS,,
B08HK4JGSY,J0057-DR-S,,
B08B4T6KJK,J0027-SET-XS,,
B08B3YQPFP,J0005-DR-B-M,,
B08HK5HYZB,JNE3485-KR-M,,
B0B3MZQHHY,JNE2145-KR-A-XL,,
B09QJLYK2C,SET358-KR-NP-XL,,
B09VC17K5J,JNE3891-TP-M,,
B07K5BYTJS,SET004-KR-SP-A-XS,,
B09Y3FG7Y7,SET410-KR-NP-XL,,
B08MXB7VJ6,JNE3547-KR-XL,,
B099NKK316,SET289-KR-NP-S,,
B081WPRGQ3,JNE3369-KR-S,,
B09RKCJSND,SET373-KR-PP-M,,
B083ZT4G38,JNE3424-KR-XXL,,
B09KXW7V5R,SET301-KR-PP-L,,
B08W9WRSSD,JNE3486-KR-L,,
B099NQDQNL,JNE3719-KR-XL,,
B081X163ZC,JNE3389-KR-XS,,
B08BK4TN3K,JNE3491-KR-S,,
B09NQ853ZS,JNE3780-KR-M,,
B09TL1RSH9,JNE3627-KR-XS,,
B09Y3QNKD9,J0417-TP-XS,,
B089G184QQ,J0074-TP-XS,,
B08BFFYNB5,JNE3460-KR-S,,
B08V1KSHHQ,J0152-DR-M,,
B09Y3DZ492,SET432-KR-PP-XXL,,
B07MY5VNQJ,BTM003-XXXL,,
B08MYS8KV3,JNE3517-KR-M,,
B08W9RLY9N,JNE3486-KR-S,,
B091GN811M,AN207-PINK-S,,
B0B3MZ5X2N,JNE3899-KR-A-XL,,
B08QGN7595,J0279-SET-M,,
B09VC27V7M,JNE3890-TP-XXXL,,
B0B3N97Y1C,SET431-KR-NP-XXL,,
B0793RJYWG,JNE2113-KR-381-L,,
B08ZHMBHXP,JNE3644-TP-N-L,,
B09YYN8KTS,J0391-TP-XS,,
B09K3R6VNF,JNE3770-KR-M,,
B0925W7QCT,J0246-SKD-XS,,
B091GMFT5B,AN211-BLACK-XL,,
B07T541V71,JNE3364-KR-1051-M,,
B08BFVCL5S,JNE3460-KR-XXL,,
B09TZYD7V2,JNE3886-KR-M,,
B09HMXWN3N,JNE3575-KR-XS,,
B09J1DL854,SAR037,,
B09Y3C7SVT,J0417-TP-M,,
B09LV24ZPD,JNE3820-KR-XXXL,,
B09X1TZ917,JNE2131-KR-A-XXXL,,
B091Z6HG48,J0137-SET-M,,
B09M777628,NW036-ST-SR-XXL,,
B09KXXXMN5,SET337-KR-NP-XL,,
B08LG8V5HK,JNE3516-KR-E-XS,,
B091GKFMVX,CH209-BIEGE-L,,
B09VZ5YZJ7,SAR148,,
B08394R5YR,BL085-S,,
B09BQFRYYR,SET266-KR-NP-S,,
B09X1VB541,JNE2131-KR-A-XL,,
B0983DN3S7,SET192-KR-NP-XL,,
B07T63L567,JNE3364-KR-1051-S,,
B08QGLNPFJ,J0279-SET-XL,,
B09J1BF6QH,SAR059,,
B082W7V94R,JNE3416-KR-L,,
B082W814R2,JNE3432-KR-M,,
B082W857CX,JNE3432-KR-S,,
B09B2CK6KG,JNE3564-KR-XS,,
B08L3SXHNG,BTM048-PP-L,,
B09B2G1JX2,JNE3447-KR-XXXL,,
B09Y3BPM8R,J0419-TP-XXL,,
B082W7PFF9,JNE3401-KR-XXXL,,
B0B1TT7K6M,JNE3872-KR-XXL,,
B08MYSZN2B,JNE3464-KR-XXL,,
B08L93FJW9,SET201-KR-NP-A-XL,,
B09X1VSXJD,JNE2131-KR-A-M,,
B09J195R93,SAR030,,
B07RRVZ4W4,JNE3296-KR-M,,
B08QGKX3TD,J0163-SKD-XXXL,,
B085GBH282,BL098-M,,
B09269GCKQ,J0238-LCD-S,,
B0B3MPZQRN,JNE3907-KR-S,,
B0B3MSBFQP,JNE3907-KR-XS,,
B081X7XWMB,JNE3370-KR-XXL,,
B0986S5GKS,JNE3663-TP-L,,
B08W51QN7D,JNE3625-DR-XL,,
B09RKFSPHP,SET373-KR-PP-XS,,
B08BK5YVWH,J0052-KR-XS,,
B08QGQWGXH,J0172-TP-XXL,,
B0986ZRSH7,JNE3665-TP-XXL,,
B09KXPXYMK,JNE3789-KR-L,,
B082W85TXS,JNE3432-KR-XS,,
B08LGDV2GN,JNE3516-KR-E-XXXL,,
B097ZZR1BD,JNE3694-KR-XXL,,
B09B2WM5BF,JNE3535-KR-XS,,
B09KXVBG3J,SET301-KR-PP-XXL,,
B08V18BDJ6,J0110-SKD-L,,
B09HMPQWFX,JNE3555-KR-XXXL,,
B0986ZMC3W,JNE3743-TP-M,,
B09Y3G5RBY,SET414-KR-NP-M,,
B09LD3P9P1,PJNE3439-KR-N-6XL,,
B097ZYYZTF,JNE3725-KR-M,,
B08MYTLCNQ,JNE3520-KR-XXL,,
B08MYT3V59,JNE3520-KR-M,,
B08XNJQY4Q,J0079-SKD-XL,,
B0893DX1HN,JNE3438-KR-M,,
B08424P31T,BL087-S,,
B082W86TQG,JNE3417-KR-M,,
B08BK6GM1P,JNE3534-KR-XL,,
B09J57NDQJ,JNE09210-PINK-SR-JP8101RNV-K,,
B09NDC94XY,SAR113,,
B099NPNSZM,NW035-ST-CP-XL,,
B09VZ6L46D,SAR159,,
B083SMP2W2,JNE3394-KR-S,,
B08MYN1QTZ,J0121-TP-S,,
B0845PFGBD,BTM026-NP-XXL,,
B09B558FML,J0291-JS-L,,
B0986XYZ4L,JNE3687-TU-S,,
B08RJL9WQK,SET211-KR-DPT-XXL,,
B09J56LCZ5,JNE09209-MULTI-SR-JP8101RMV-K,,
B08RYTHSQX,J0194-DR-M,,
B089G1ZXB6,J0039-SET-XS,,
B08PV3XRTX,J0319-KR-S,,
B0925W9SW3,J0246-SKD-L,,
B09X1T33RM,JNE2294-KR-A-S,,
B08QN135YG,JNE3559-KR-M,,
B09B58M1MQ,SET247-KR-SHA-XXXL,,
B07P9YCGW5,JNE3234-KR-M,,
B08424FRVR,BL087-L,,
B089G2P3Y8,J0034-SET-S,,
B09Y3GJ5QK,SET432-KR-PP-S,,
B08TZYVPHV,J0109-SKD-S,,
B0922SZYFV,NW032-ST-CP-S,,
B09K3XJ5RT,JNE3788-KR-XS,,
B094FPVJQ8,SET270-KR-PP-M,,
B077Z5Q8M4,BL025-74BLACK,,
B09TZRRG1N,JNE3892-TP-XS,,
B07S3KYBM2,SET066-KR-PP-M,,
B07DTFMJWF,JNE2251-KR-537-C-XL,,
B08F3975KV,J0070-KR-S,,
B0943HRS89,JNE3678-TU-XS,,
B092D4866W,J0116-TP-XS,,
B09TL23VBV,SET232-KR-PP-XS,,
B094FLNSK9,J0196-TP-XS,,
B09Y1T52JH,JNE3889-KR-S,,
B09Y26JY2N,JNE3896-KR-XL,,
B085GB5K1X,BL103-M,,
B08PV2GZ9Z,J0286-KR-L,,
B08PV3R8YL,J0319-KR-XL,,
B082W81KNG,JNE3398-KR-XL,,
B081X6MVKK,JNE3370-KR-S,,
B0943HSR64,JNE3678-TU-XXL,,
B07N81TFNY,SET045-KR-NP-M,,
